game_id,agent,kdr,assists,headshot_pct,acs,outcome,decision_tree,random_forest,logistic_regression,svm,ann
1,0.0,0.14285714285714288,0.4,0.0,0.23239436619718312,0.0,0.0,0.0,0.0,0.0,0.0
2,0.0,0.0,0.2,0.4042553191489362,0.0,0.0,0.0,1.0,0.0,0.0,0.0
5,0.0,0.09523809523809526,0.30000000000000004,0.0851063829787234,0.30633802816901406,0.0,0.0,0.0,0.0,0.0,0.0
7,0.0,0.14285714285714288,0.5,0.17021276595744683,0.3028169014084507,0.0,0.0,0.0,0.0,0.0,0.0
9,0.0,0.2857142857142858,0.4,0.12765957446808512,0.35563380281690143,0.0,0.0,0.0,0.0,0.0,0.0
20,0.0,0.14285714285714288,0.1,0.425531914893617,0.15492957746478875,0.0,0.0,0.0,0.0,0.0,0.0
21,0.0,0.38095238095238104,0.1,0.2978723404255319,0.07746478873239437,1.0,1.0,1.0,1.0,1.0,1.0
22,0.0,0.2380952380952381,0.4,0.17021276595744683,0.23239436619718312,1.0,0.0,0.0,0.0,0.0,0.0
23,0.0,0.523809523809524,0.7000000000000001,0.04255319148936171,0.517605633802817,1.0,1.0,1.0,1.0,1.0,1.0
24,0.0,0.4761904761904763,0.7000000000000001,0.12765957446808512,0.6232394366197183,1.0,1.0,1.0,1.0,1.0,1.0
25,0.0,0.6190476190476192,0.6000000000000001,0.0851063829787234,0.47183098591549294,1.0,1.0,1.0,1.0,1.0,1.0
26,0.0,0.2857142857142858,0.4,0.25531914893617025,0.28169014084507044,1.0,0.0,1.0,1.0,0.0,1.0
28,0.0,0.2857142857142858,0.4,0.17021276595744683,0.3028169014084507,1.0,0.0,1.0,0.0,0.0,0.0
29,0.0,0.2380952380952381,0.2,0.10638297872340426,0.5035211267605635,0.0,0.0,0.0,0.0,0.0,0.0
30,0.0,0.4761904761904763,0.5,0.3191489361702128,0.693661971830986,0.0,0.0,0.0,0.0,0.0,0.0
31,0.0,0.33333333333333337,0.4,0.23404255319148937,0.44014084507042256,0.0,0.0,0.0,0.0,0.0,0.0
32,0.0,0.33333333333333337,0.6000000000000001,0.19148936170212766,0.5211267605633803,1.0,0.0,1.0,0.0,0.0,0.0
33,0.0,0.2857142857142858,0.7000000000000001,0.23404255319148937,0.34154929577464793,0.0,0.0,0.0,1.0,1.0,1.0
34,0.0,0.6190476190476192,0.4,0.17021276595744683,0.6161971830985915,1.0,1.0,1.0,1.0,1.0,1.0
35,0.0,0.09523809523809526,0.4,0.10638297872340426,0.22535211267605637,0.0,0.0,0.0,0.0,0.0,0.0
36,0.0,0.14285714285714288,0.1,0.3404255319148936,0.17253521126760563,0.0,0.0,0.0,0.0,0.0,0.0
37,0.0,0.38095238095238104,0.8,0.19148936170212766,0.46830985915492956,1.0,0.0,1.0,1.0,1.0,1.0
38,0.0,0.523809523809524,0.5,0.17021276595744683,0.5387323943661972,0.0,0.0,1.0,1.0,1.0,1.0
39,0.0,0.33333333333333337,0.2,0.25531914893617025,0.5035211267605635,0.0,0.0,0.0,0.0,0.0,0.0
40,0.0,0.2857142857142858,0.0,0.25531914893617025,0.4049295774647887,0.0,0.0,0.0,0.0,0.0,0.0
41,0.0,0.1904761904761905,0.2,0.21276595744680854,0.3345070422535212,0.0,0.0,0.0,0.0,0.0,0.0
42,0.0,0.7619047619047621,0.7000000000000001,0.12765957446808512,0.7570422535211268,1.0,1.0,1.0,1.0,1.0,1.0
44,0.0,0.5714285714285715,0.4,0.19148936170212766,0.7077464788732395,1.0,1.0,1.0,1.0,1.0,1.0
45,0.0,0.4761904761904763,1.0,0.21276595744680854,0.602112676056338,1.0,1.0,1.0,1.0,1.0,1.0
46,0.0,0.2857142857142858,0.4,0.06382978723404255,0.32042253521126757,1.0,0.0,1.0,0.0,0.0,0.0
47,0.0,0.38095238095238104,0.5,0.3404255319148936,0.3908450704225352,1.0,1.0,1.0,1.0,1.0,1.0
48,0.0,0.2857142857142858,0.6000000000000001,0.04255319148936171,0.44014084507042256,1.0,0.0,1.0,0.0,1.0,0.0
49,0.0,0.4285714285714287,0.4,0.14893617021276595,0.7605633802816902,0.0,0.0,0.0,0.0,0.0,0.0
51,0.0,0.523809523809524,0.9,0.14893617021276595,0.5352112676056338,1.0,1.0,1.0,1.0,1.0,1.0
52,0.0,0.2857142857142858,0.6000000000000001,0.10638297872340426,0.39788732394366194,0.0,0.0,0.0,0.0,0.0,0.0
53,0.0,0.33333333333333337,0.8,0.12765957446808512,0.5387323943661972,1.0,0.0,1.0,0.0,1.0,0.0
54,0.0,0.1904761904761905,0.1,0.3617021276595745,0.1971830985915493,0.0,0.0,0.0,0.0,0.0,0.0
55,0.0,0.33333333333333337,0.5,0.23404255319148937,0.5,1.0,0.0,0.0,0.0,0.0,0.0
56,0.0,0.4761904761904763,0.7000000000000001,0.10638297872340426,0.42957746478873243,1.0,1.0,1.0,1.0,1.0,1.0
57,0.0,0.2857142857142858,0.30000000000000004,0.21276595744680854,0.48943661971830993,0.0,0.0,0.0,0.0,0.0,0.0
58,0.0,0.1904761904761905,0.30000000000000004,0.19148936170212766,0.25704225352112675,0.0,0.0,0.0,0.0,0.0,0.0
59,0.0,0.38095238095238104,0.4,0.23404255319148937,0.6161971830985915,1.0,0.0,0.0,0.0,0.0,0.0
60,0.0,0.4285714285714287,0.6000000000000001,0.10638297872340426,0.5492957746478873,0.0,0.0,1.0,1.0,1.0,1.0
61,0.0,0.2857142857142858,0.6000000000000001,0.21276595744680854,0.528169014084507,0.0,0.0,0.0,0.0,0.0,0.0
62,0.0,0.6190476190476192,0.6000000000000001,0.04255319148936171,0.7007042253521127,1.0,1.0,1.0,1.0,1.0,1.0
63,0.0,0.4285714285714287,0.5,0.3829787234042553,0.5422535211267605,0.0,0.0,0.0,0.0,0.0,0.0
64,0.0,0.6190476190476192,0.8,0.0851063829787234,0.665492957746479,1.0,1.0,1.0,1.0,1.0,1.0
65,0.0,0.2380952380952381,0.5,0.19148936170212766,0.10563380281690143,1.0,0.0,1.0,1.0,1.0,1.0
66,0.0,0.2857142857142858,0.6000000000000001,0.21276595744680854,0.4225352112676057,0.0,0.0,0.0,0.0,0.0,0.0
67,0.0,0.4761904761904763,0.30000000000000004,0.14893617021276595,0.19366197183098594,1.0,1.0,1.0,1.0,1.0,1.0
68,0.0,0.6190476190476192,0.30000000000000004,0.25531914893617025,0.9647887323943662,0.0,0.0,0.0,0.0,0.0,0.0
69,0.0,0.4761904761904763,0.6000000000000001,0.10638297872340426,0.630281690140845,1.0,1.0,1.0,1.0,1.0,1.0
70,0.0,0.6190476190476192,0.9,0.2978723404255319,0.6866197183098592,1.0,1.0,1.0,1.0,1.0,1.0
71,0.0,0.2857142857142858,0.6000000000000001,0.25531914893617025,0.4612676056338028,0.0,0.0,0.0,0.0,0.0,0.0
72,0.0,0.38095238095238104,0.5,0.17021276595744683,0.4753521126760563,1.0,0.0,1.0,1.0,0.0,1.0
73,0.0,0.2380952380952381,0.8,0.12765957446808512,0.23239436619718312,1.0,1.0,1.0,1.0,1.0,1.0
74,0.0,0.8095238095238096,0.4,0.3404255319148936,0.8450704225352113,0.0,0.0,1.0,1.0,1.0,1.0
75,0.0,0.904761904761905,0.4,0.23404255319148937,0.6690140845070423,1.0,1.0,1.0,1.0,1.0,1.0
76,0.0,0.33333333333333337,0.7000000000000001,0.4042553191489362,0.48239436619718307,0.0,0.0,0.0,0.0,0.0,0.0
78,0.0,0.2380952380952381,0.5,0.23404255319148937,0.4471830985915493,0.0,0.0,0.0,0.0,0.0,0.0
79,0.0,0.4761904761904763,0.8,0.25531914893617025,0.4014084507042253,1.0,1.0,1.0,1.0,1.0,1.0
80,0.0,0.33333333333333337,0.5,0.4893617021276596,0.5070422535211268,0.0,0.0,0.0,0.0,0.0,0.0
81,1.0,0.2380952380952381,0.1,0.3617021276595745,0.2711267605633803,0.0,0.0,0.0,0.0,0.0,0.0
82,0.0,0.2380952380952381,0.6000000000000001,0.3404255319148936,0.4366197183098592,0.0,0.0,0.0,0.0,0.0,0.0
83,0.0,1.0,0.4,0.0851063829787234,0.591549295774648,1.0,1.0,1.0,1.0,1.0,1.0
84,0.0,0.4761904761904763,0.6000000000000001,0.3191489361702128,0.8028169014084507,0.0,1.0,0.0,0.0,0.0,0.0
85,0.0,0.5714285714285715,0.6000000000000001,0.2765957446808511,0.704225352112676,0.0,1.0,1.0,1.0,1.0,1.0
86,0.0,0.6190476190476192,0.30000000000000004,0.12765957446808512,0.75,0.0,1.0,0.0,1.0,0.0,1.0
87,0.0,0.2857142857142858,0.5,0.3191489361702128,0.46830985915492956,0.0,0.0,0.0,0.0,0.0,0.0
88,0.0,0.33333333333333337,0.4,0.10638297872340426,0.6795774647887325,0.0,0.0,0.0,0.0,0.0,0.0
89,0.0,0.38095238095238104,0.5,0.21276595744680854,0.3485915492957747,1.0,1.0,1.0,1.0,1.0,1.0
90,0.0,0.14285714285714288,0.2,0.19148936170212766,0.39436619718309857,0.0,0.0,0.0,0.0,0.0,0.0
91,0.0,0.4285714285714287,0.7000000000000001,0.0851063829787234,0.5492957746478873,1.0,0.0,1.0,1.0,1.0,1.0
92,0.0,0.7619047619047621,0.4,0.10638297872340426,0.721830985915493,1.0,1.0,1.0,1.0,1.0,1.0
94,0.0,0.6190476190476192,0.6000000000000001,0.21276595744680854,0.6091549295774648,1.0,1.0,1.0,1.0,1.0,1.0
95,0.0,0.4285714285714287,0.7000000000000001,0.2978723404255319,0.6443661971830985,1.0,0.0,1.0,0.0,0.0,0.0
97,0.0,0.523809523809524,0.2,0.17021276595744683,0.6795774647887325,0.0,0.0,0.0,0.0,0.0,0.0
98,0.0,0.2380952380952381,0.6000000000000001,0.3404255319148936,0.5070422535211268,0.0,0.0,0.0,0.0,0.0,0.0
100,0.0,0.523809523809524,0.4,0.21276595744680854,0.6901408450704225,0.0,0.0,0.0,0.0,0.0,0.0
101,0.0,0.0,0.4,0.17021276595744683,0.11619718309859156,0.0,0.0,0.0,0.0,0.0,0.0
102,0.0,0.38095238095238104,0.5,0.3191489361702128,0.5704225352112675,0.0,0.0,0.0,0.0,0.0,0.0
103,0.0,0.1904761904761905,0.6000000000000001,0.021276595744680854,0.2887323943661972,0.0,0.0,0.0,0.0,0.0,0.0
104,0.0,0.7619047619047621,0.30000000000000004,0.12765957446808512,0.5528169014084507,1.0,1.0,1.0,1.0,1.0,1.0
106,0.0,0.7142857142857144,0.7000000000000001,0.21276595744680854,0.7711267605633803,1.0,1.0,1.0,1.0,1.0,1.0
107,0.0,0.4285714285714287,0.1,0.3191489361702128,0.6795774647887325,0.0,0.0,0.0,0.0,0.0,0.0
108,0.0,0.2380952380952381,0.4,0.21276595744680854,0.46830985915492956,0.0,0.0,0.0,0.0,0.0,0.0
109,0.0,0.4761904761904763,0.4,0.3829787234042553,0.7429577464788732,0.0,0.0,0.0,0.0,0.0,0.0
110,0.0,0.1904761904761905,0.4,0.2978723404255319,0.147887323943662,0.0,0.0,0.0,0.0,0.0,0.0
111,0.0,0.6190476190476192,0.30000000000000004,0.23404255319148937,0.704225352112676,1.0,1.0,1.0,1.0,1.0,1.0
112,0.0,0.5714285714285715,0.4,0.23404255319148937,0.5422535211267605,1.0,1.0,1.0,1.0,1.0,1.0
113,0.0,0.4761904761904763,0.7000000000000001,0.10638297872340426,0.6126760563380282,1.0,1.0,1.0,1.0,1.0,1.0
114,0.0,0.33333333333333337,0.5,0.2978723404255319,0.6373239436619718,0.0,0.0,0.0,0.0,0.0,0.0
115,0.0,0.33333333333333337,0.30000000000000004,0.2765957446808511,0.5704225352112675,0.0,0.0,0.0,0.0,0.0,0.0
116,0.0,0.33333333333333337,0.4,0.17021276595744683,0.4964788732394367,1.0,0.0,0.0,0.0,0.0,0.0
117,0.0,0.523809523809524,0.30000000000000004,0.21276595744680854,0.9859154929577465,0.0,0.0,0.0,0.0,0.0,0.0
118,0.0,0.2380952380952381,0.9,0.17021276595744683,0.25,1.0,1.0,1.0,1.0,1.0,1.0
119,0.0,0.2857142857142858,0.6000000000000001,0.14893617021276595,0.33802816901408456,0.0,0.0,0.0,1.0,1.0,1.0
120,0.0,0.38095238095238104,0.7000000000000001,0.17021276595744683,0.6267605633802817,1.0,0.0,1.0,0.0,0.0,0.0
121,0.0,0.2857142857142858,0.4,0.0851063829787234,0.2852112676056338,0.0,0.0,0.0,1.0,0.0,1.0
122,0.0,0.523809523809524,0.5,0.14893617021276595,0.6056338028169015,0.0,0.0,0.0,1.0,1.0,1.0
123,0.0,0.8095238095238096,0.2,0.3404255319148936,1.0,0.0,0.0,0.0,1.0,0.0,0.0
124,0.0,0.523809523809524,0.30000000000000004,0.25531914893617025,0.806338028169014,0.0,1.0,0.0,0.0,0.0,0.0
125,0.0,0.523809523809524,0.6000000000000001,0.3829787234042553,0.6901408450704225,1.0,1.0,1.0,1.0,1.0,1.0
126,0.0,0.6666666666666669,0.2,0.23404255319148937,0.7112676056338028,1.0,1.0,1.0,1.0,1.0,1.0
127,0.0,0.4285714285714287,1.0,0.25531914893617025,0.8169014084507042,1.0,0.0,1.0,0.0,1.0,0.0
129,0.0,0.7142857142857144,0.4,0.4042553191489362,0.5950704225352113,1.0,1.0,1.0,1.0,1.0,1.0
130,0.0,0.38095238095238104,0.7000000000000001,0.10638297872340426,0.6232394366197183,0.0,0.0,1.0,0.0,1.0,0.0
131,0.0,0.6666666666666669,0.6000000000000001,0.3191489361702128,0.556338028169014,1.0,1.0,1.0,1.0,1.0,1.0
132,0.0,0.4285714285714287,0.30000000000000004,0.5531914893617021,0.5809859154929577,0.0,0.0,0.0,0.0,0.0,0.0
133,0.0,0.5714285714285715,1.0,0.23404255319148937,0.8626760563380282,1.0,1.0,1.0,1.0,1.0,1.0
134,0.0,0.2857142857142858,0.8,0.2765957446808511,0.4190140845070423,0.0,0.0,0.0,1.0,1.0,1.0
135,0.0,0.2380952380952381,0.7000000000000001,0.12765957446808512,0.36619718309859156,0.0,0.0,0.0,0.0,0.0,0.0
136,0.0,0.14285714285714288,0.30000000000000004,0.25531914893617025,0.35563380281690143,0.0,0.0,0.0,0.0,0.0,0.0
137,0.0,0.6666666666666669,0.5,0.25531914893617025,0.8415492957746478,1.0,1.0,1.0,1.0,1.0,1.0
138,0.0,0.9523809523809527,0.6000000000000001,0.3617021276595745,0.8873239436619718,1.0,1.0,1.0,1.0,1.0,1.0
139,0.0,0.38095238095238104,0.5,0.44680851063829785,0.6619718309859155,0.0,0.0,0.0,0.0,0.0,0.0
141,0.0,0.33333333333333337,0.5,0.10638297872340426,0.4366197183098592,0.0,0.0,0.0,0.0,0.0,0.0
142,0.0,0.2380952380952381,0.5,0.12765957446808512,0.42605633802816906,0.0,0.0,0.0,0.0,0.0,0.0
143,0.0,0.9523809523809527,0.30000000000000004,0.23404255319148937,0.767605633802817,1.0,1.0,1.0,1.0,1.0,1.0
144,0.0,0.2857142857142858,1.0,0.12765957446808512,0.5422535211267605,1.0,0.0,1.0,0.0,1.0,0.0
146,0.0,0.33333333333333337,0.4,0.10638297872340426,0.5774647887323945,0.0,0.0,0.0,0.0,0.0,0.0
148,0.0,0.8095238095238096,0.4,0.14893617021276595,0.5669014084507042,1.0,1.0,1.0,1.0,1.0,1.0
149,0.0,0.2380952380952381,0.6000000000000001,0.10638297872340426,0.5492957746478873,0.0,0.0,0.0,0.0,0.0,0.0
150,0.0,0.4761904761904763,0.4,0.19148936170212766,0.676056338028169,1.0,0.0,0.0,0.0,0.0,0.0
151,0.0,0.38095238095238104,0.2,0.10638297872340426,0.5070422535211268,1.0,0.0,1.0,0.0,0.0,0.0
152,0.0,0.5714285714285715,1.0,0.06382978723404255,0.573943661971831,1.0,1.0,1.0,1.0,1.0,1.0
153,0.0,0.38095238095238104,0.30000000000000004,0.3617021276595745,0.5316901408450705,1.0,0.0,0.0,0.0,0.0,0.0
154,0.0,0.38095238095238104,0.8,0.17021276595744683,0.45422535211267606,0.0,0.0,1.0,1.0,1.0,1.0
155,0.0,0.4285714285714287,0.7000000000000001,0.12765957446808512,0.6830985915492958,0.0,0.0,0.0,0.0,1.0,0.0
156,0.0,0.904761904761905,0.6000000000000001,0.2978723404255319,0.869718309859155,1.0,1.0,1.0,1.0,1.0,1.0
157,0.0,0.38095238095238104,0.4,0.4042553191489362,0.4084507042253522,0.0,1.0,1.0,1.0,0.0,1.0
158,0.0,0.33333333333333337,0.5,0.14893617021276595,0.5704225352112675,0.0,0.0,0.0,0.0,0.0,0.0
159,0.0,0.1904761904761905,0.2,0.3191489361702128,0.4366197183098592,0.0,0.0,0.0,0.0,0.0,0.0
160,0.0,0.38095238095238104,0.6000000000000001,0.3191489361702128,0.4366197183098592,0.0,0.0,1.0,1.0,1.0,1.0
161,0.0,0.5714285714285715,0.5,0.14893617021276595,0.8204225352112675,0.0,1.0,0.0,0.0,0.0,0.0
162,0.0,0.14285714285714288,0.4,0.17021276595744683,0.30633802816901406,0.0,0.0,0.0,0.0,0.0,0.0
163,0.0,0.33333333333333337,0.6000000000000001,0.25531914893617025,0.4330985915492958,1.0,0.0,1.0,0.0,0.0,1.0
164,0.0,0.33333333333333337,0.5,0.06382978723404255,0.3345070422535212,1.0,1.0,1.0,1.0,1.0,1.0
165,0.0,0.4285714285714287,0.6000000000000001,0.4893617021276596,0.5246478873239437,1.0,0.0,1.0,1.0,1.0,1.0
167,0.0,0.4285714285714287,0.4,0.3191489361702128,0.6584507042253522,0.0,0.0,0.0,0.0,0.0,0.0
169,0.0,0.5714285714285715,0.6000000000000001,0.4042553191489362,0.8661971830985915,1.0,1.0,1.0,0.0,0.0,0.0
170,0.0,0.2857142857142858,0.30000000000000004,0.10638297872340426,0.2992957746478873,1.0,0.0,0.0,0.0,0.0,0.0
171,0.0,0.2380952380952381,0.4,0.021276595744680854,0.45774647887323944,0.0,0.0,0.0,0.0,0.0,0.0
172,0.0,0.7142857142857144,0.9,0.21276595744680854,0.6549295774647887,1.0,1.0,1.0,1.0,1.0,1.0
173,0.0,1.0,0.7000000000000001,0.17021276595744683,0.9577464788732395,1.0,1.0,1.0,1.0,1.0,1.0
174,0.0,0.2857142857142858,0.4,0.0,0.5070422535211268,0.0,0.0,0.0,0.0,0.0,0.0
175,0.0,0.4285714285714287,0.8,0.10638297872340426,0.528169014084507,1.0,0.0,1.0,1.0,1.0,1.0
176,0.0,0.4285714285714287,0.5,0.3617021276595745,0.45422535211267606,1.0,0.0,1.0,1.0,1.0,1.0
177,0.0,0.1904761904761905,0.6000000000000001,0.2765957446808511,0.3450704225352113,0.0,0.0,0.0,0.0,0.0,0.0
178,0.0,0.38095238095238104,0.5,0.19148936170212766,0.3485915492957747,1.0,1.0,1.0,1.0,1.0,1.0
179,0.0,0.2380952380952381,0.8,0.04255319148936171,0.4330985915492958,1.0,0.0,1.0,0.0,1.0,0.0
180,0.0,0.6666666666666669,0.4,0.21276595744680854,0.7007042253521127,1.0,1.0,1.0,1.0,1.0,1.0
181,0.0,0.4761904761904763,0.2,0.2978723404255319,0.880281690140845,0.0,0.0,0.0,0.0,0.0,0.0
182,0.0,0.523809523809524,0.4,0.21276595744680854,0.7359154929577465,1.0,0.0,0.0,0.0,0.0,0.0
183,0.0,0.4285714285714287,0.8,0.4893617021276596,0.7640845070422535,1.0,0.0,0.0,0.0,0.0,0.0
184,0.0,0.4761904761904763,0.5,0.2978723404255319,0.5246478873239437,0.0,0.0,1.0,1.0,1.0,1.0
185,0.0,0.7619047619047621,0.1,0.3617021276595745,0.5352112676056338,1.0,1.0,1.0,1.0,1.0,1.0
186,0.0,0.09523809523809526,0.2,0.425531914893617,0.26760563380281693,0.0,0.0,0.0,0.0,0.0,0.0
187,0.0,0.8095238095238096,0.2,0.425531914893617,0.26760563380281693,1.0,1.0,1.0,1.0,1.0,1.0
189,0.0,0.4285714285714287,0.4,0.23404255319148937,0.5387323943661972,1.0,0.0,1.0,0.0,0.0,0.0
190,0.0,0.6666666666666669,0.6000000000000001,0.3191489361702128,0.5035211267605635,1.0,1.0,1.0,1.0,1.0,1.0
192,0.0,0.7619047619047621,0.4,0.3404255319148936,0.908450704225352,1.0,1.0,1.0,1.0,1.0,1.0
193,0.0,0.4285714285714287,0.1,0.44680851063829785,0.5211267605633803,1.0,0.0,0.0,0.0,0.0,0.0
194,0.0,0.33333333333333337,0.5,0.10638297872340426,0.44366197183098594,1.0,0.0,0.0,0.0,0.0,0.0
195,0.0,0.33333333333333337,0.5,0.21276595744680854,0.5985915492957747,0.0,0.0,0.0,0.0,0.0,0.0
196,0.0,0.33333333333333337,0.4,0.3191489361702128,0.45422535211267606,0.0,0.0,0.0,0.0,0.0,0.0
197,0.0,0.8095238095238096,0.6000000000000001,0.3404255319148936,0.823943661971831,0.0,0.0,1.0,1.0,1.0,1.0
198,0.0,0.2857142857142858,0.5,0.25531914893617025,0.32746478873239443,1.0,0.0,0.0,0.0,0.0,0.0
199,0.0,0.5714285714285715,0.30000000000000004,0.574468085106383,0.602112676056338,0.0,1.0,1.0,1.0,1.0,1.0
200,0.0,0.2857142857142858,0.4,0.425531914893617,0.24295774647887325,0.0,0.0,0.0,1.0,0.0,1.0
201,0.0,0.2857142857142858,0.8,0.3404255319148936,0.41549295774647893,1.0,0.0,1.0,1.0,0.0,1.0
202,0.0,0.7142857142857144,0.7000000000000001,0.46808510638297873,0.5950704225352113,1.0,1.0,1.0,1.0,1.0,1.0
203,0.0,0.33333333333333337,0.2,0.4893617021276596,0.4471830985915493,0.0,0.0,0.0,0.0,0.0,0.0
204,0.0,0.33333333333333337,0.2,0.6808510638297872,0.46830985915492956,0.0,0.0,0.0,0.0,0.0,0.0
205,0.0,0.2857142857142858,0.6000000000000001,0.23404255319148937,0.2852112676056338,1.0,0.0,1.0,1.0,1.0,1.0
206,0.0,0.7619047619047621,0.1,0.25531914893617025,0.6267605633802817,1.0,1.0,1.0,1.0,1.0,1.0
207,0.0,0.6190476190476192,0.7000000000000001,0.23404255319148937,0.6373239436619718,1.0,1.0,1.0,1.0,1.0,1.0
208,0.0,0.2857142857142858,0.4,0.21276595744680854,0.3873239436619718,0.0,0.0,0.0,0.0,0.0,0.0
211,0.0,0.1904761904761905,0.30000000000000004,0.3617021276595745,0.3767605633802817,0.0,0.0,0.0,0.0,0.0,0.0
212,0.0,0.8571428571428573,0.5,0.44680851063829785,0.5669014084507042,1.0,1.0,1.0,1.0,1.0,1.0
213,0.0,0.33333333333333337,0.7000000000000001,0.8297872340425532,0.19366197183098594,1.0,1.0,1.0,1.0,1.0,1.0
214,0.0,0.33333333333333337,0.0,0.44680851063829785,0.3591549295774648,0.0,0.0,0.0,0.0,0.0,0.0
215,0.0,0.2380952380952381,0.30000000000000004,0.4042553191489362,0.3908450704225352,0.0,0.0,0.0,0.0,0.0,0.0
216,0.0,0.2857142857142858,0.30000000000000004,0.3617021276595745,0.3767605633802817,0.0,0.0,0.0,0.0,0.0,0.0
217,0.0,0.33333333333333337,0.8,0.19148936170212766,0.5492957746478873,1.0,0.0,1.0,0.0,1.0,0.0
218,0.0,0.4761904761904763,0.5,0.425531914893617,0.4612676056338028,1.0,1.0,1.0,1.0,1.0,1.0
219,0.0,1.0,0.6000000000000001,0.2765957446808511,0.5070422535211268,1.0,1.0,1.0,1.0,1.0,1.0
220,0.0,0.33333333333333337,0.2,0.19148936170212766,0.3626760563380282,0.0,0.0,0.0,0.0,0.0,0.0
221,0.0,0.2380952380952381,0.7000000000000001,0.19148936170212766,0.4225352112676057,0.0,0.0,0.0,0.0,0.0,0.0
222,0.0,0.38095238095238104,0.2,0.14893617021276595,0.4788732394366197,1.0,0.0,1.0,0.0,0.0,0.0
223,0.0,0.2857142857142858,0.7000000000000001,0.19148936170212766,0.3873239436619718,1.0,0.0,0.0,1.0,1.0,1.0
224,0.0,0.33333333333333337,0.8,0.25531914893617025,0.39788732394366194,1.0,1.0,1.0,1.0,1.0,1.0
225,1.0,0.4285714285714287,0.30000000000000004,0.10638297872340426,0.42605633802816906,0.0,0.0,0.0,1.0,0.0,1.0
226,1.0,0.33333333333333337,0.5,0.2765957446808511,0.46830985915492956,0.0,0.0,0.0,0.0,0.0,0.0
227,1.0,0.523809523809524,0.5,0.574468085106383,0.693661971830986,1.0,0.0,0.0,0.0,0.0,0.0
228,1.0,0.7142857142857144,0.5,0.3191489361702128,0.8380281690140845,1.0,1.0,1.0,1.0,1.0,1.0
229,1.0,0.523809523809524,0.2,0.723404255319149,0.7007042253521127,0.0,0.0,0.0,0.0,0.0,0.0
230,1.0,0.1904761904761905,0.5,0.574468085106383,0.38380281690140844,1.0,0.0,0.0,0.0,0.0,0.0
232,1.0,0.2380952380952381,0.4,0.17021276595744683,0.3908450704225352,0.0,0.0,0.0,0.0,0.0,0.0
233,0.0,0.33333333333333337,0.30000000000000004,0.3829787234042553,0.30633802816901406,0.0,0.0,0.0,1.0,0.0,0.0
234,0.0,0.523809523809524,0.7000000000000001,0.4042553191489362,0.6408450704225352,1.0,1.0,1.0,1.0,1.0,1.0
235,0.0,0.4285714285714287,0.7000000000000001,0.5106382978723404,0.45774647887323944,1.0,0.0,1.0,1.0,1.0,1.0
236,0.0,0.7142857142857144,0.2,0.425531914893617,0.3028169014084507,1.0,1.0,1.0,1.0,1.0,1.0
237,1.0,0.4761904761904763,0.6000000000000001,0.0851063829787234,0.619718309859155,1.0,1.0,1.0,1.0,1.0,0.0
238,1.0,0.33333333333333337,0.2,0.25531914893617025,0.5352112676056338,0.0,0.0,0.0,0.0,0.0,0.0
239,0.0,0.6666666666666669,0.6000000000000001,0.425531914893617,0.869718309859155,0.0,1.0,1.0,1.0,1.0,1.0
240,1.0,0.2857142857142858,0.6000000000000001,0.17021276595744683,0.45422535211267606,1.0,0.0,0.0,0.0,0.0,0.0
241,1.0,0.2857142857142858,0.7000000000000001,0.21276595744680854,0.4507042253521127,0.0,0.0,0.0,0.0,0.0,0.0
242,1.0,0.4761904761904763,0.7000000000000001,0.3617021276595745,0.6091549295774648,1.0,1.0,1.0,1.0,1.0,1.0
243,0.0,0.2857142857142858,1.0,0.5319148936170213,0.35211267605633806,1.0,0.0,1.0,1.0,1.0,1.0
244,1.0,0.1904761904761905,0.4,0.12765957446808512,0.32746478873239443,0.0,0.0,0.0,0.0,0.0,0.0
245,1.0,0.4761904761904763,0.30000000000000004,0.3829787234042553,0.6338028169014085,1.0,0.0,1.0,0.0,0.0,0.0
246,1.0,0.33333333333333337,0.2,0.12765957446808512,0.4964788732394367,0.0,0.0,0.0,0.0,0.0,0.0
247,1.0,0.6666666666666669,0.30000000000000004,0.3191489361702128,0.73943661971831,0.0,1.0,1.0,1.0,1.0,1.0
248,0.0,0.2857142857142858,0.30000000000000004,0.5531914893617021,0.30985915492957744,0.0,0.0,0.0,0.0,0.0,0.0
249,1.0,0.523809523809524,0.7000000000000001,0.3829787234042553,0.721830985915493,0.0,1.0,0.0,1.0,0.0,0.0
251,0.0,0.1904761904761905,0.7000000000000001,0.3191489361702128,0.2852112676056338,1.0,1.0,1.0,0.0,0.0,0.0
252,1.0,0.523809523809524,0.4,0.3829787234042553,0.630281690140845,1.0,0.0,1.0,1.0,0.0,1.0
253,1.0,0.09523809523809526,0.1,0.021276595744680854,0.21830985915492956,0.0,0.0,0.0,0.0,0.0,0.0
254,0.0,0.38095238095238104,0.8,0.2978723404255319,0.2535211267605634,1.0,1.0,1.0,1.0,1.0,1.0
255,0.0,0.6666666666666669,0.7000000000000001,0.3617021276595745,0.75,0.0,1.0,1.0,1.0,1.0,1.0
256,0.0,0.4761904761904763,0.6000000000000001,0.25531914893617025,0.619718309859155,1.0,1.0,1.0,1.0,1.0,1.0
257,1.0,0.904761904761905,0.4,0.2978723404255319,0.8204225352112675,1.0,1.0,1.0,1.0,1.0,1.0
258,1.0,0.7619047619047621,0.5,0.25531914893617025,0.5845070422535212,1.0,1.0,1.0,1.0,1.0,1.0
259,0.0,0.2857142857142858,0.1,0.2978723404255319,0.3591549295774648,0.0,0.0,0.0,0.0,0.0,0.0
260,1.0,0.7619047619047621,0.9,0.10638297872340426,0.8732394366197183,1.0,1.0,1.0,1.0,1.0,1.0
261,1.0,0.6190476190476192,0.30000000000000004,0.4042553191489362,0.48943661971830993,1.0,1.0,1.0,1.0,1.0,1.0
262,1.0,0.14285714285714288,0.1,0.17021276595744683,0.32746478873239443,0.0,0.0,0.0,0.0,0.0,0.0
263,0.0,0.4285714285714287,0.5,0.2765957446808511,0.7007042253521127,0.0,0.0,0.0,0.0,0.0,0.0
264,1.0,0.2857142857142858,0.7000000000000001,0.17021276595744683,0.48239436619718307,0.0,0.0,0.0,0.0,0.0,0.0
265,0.0,0.1904761904761905,0.1,0.3829787234042553,0.24295774647887325,0.0,0.0,0.0,0.0,0.0,0.0
266,1.0,0.33333333333333337,0.5,0.3617021276595745,0.47183098591549294,0.0,0.0,0.0,0.0,0.0,0.0
267,1.0,0.4285714285714287,0.0,0.17021276595744683,0.39436619718309857,1.0,0.0,1.0,1.0,0.0,0.0
268,0.0,0.33333333333333337,0.30000000000000004,0.5319148936170213,0.528169014084507,0.0,0.0,0.0,0.0,0.0,0.0
269,1.0,0.14285714285714288,0.2,0.19148936170212766,0.2992957746478873,0.0,0.0,0.0,0.0,0.0,0.0
270,0.0,0.4285714285714287,0.6000000000000001,0.3191489361702128,0.5809859154929577,1.0,0.0,0.0,0.0,0.0,0.0
271,0.0,0.09523809523809526,0.4,0.23404255319148937,0.2711267605633803,0.0,0.0,0.0,0.0,0.0,0.0
272,0.0,0.4285714285714287,0.7000000000000001,0.2765957446808511,0.6056338028169015,0.0,0.0,0.0,1.0,1.0,1.0
273,1.0,0.2857142857142858,0.2,0.44680851063829785,0.35211267605633806,0.0,0.0,0.0,0.0,0.0,0.0
274,0.0,0.2857142857142858,0.6000000000000001,0.3829787234042553,0.4084507042253522,0.0,0.0,0.0,0.0,0.0,0.0
275,1.0,0.8095238095238096,0.5,0.3829787234042553,0.47183098591549294,1.0,1.0,1.0,1.0,1.0,1.0
276,1.0,0.33333333333333337,0.7000000000000001,0.21276595744680854,0.5985915492957747,0.0,0.0,0.0,0.0,0.0,0.0
277,1.0,0.7142857142857144,0.30000000000000004,0.2765957446808511,0.6408450704225352,1.0,1.0,1.0,1.0,1.0,1.0
278,1.0,0.14285714285714288,0.0,0.46808510638297873,0.20422535211267606,0.0,0.0,0.0,0.0,0.0,0.0
279,1.0,0.09523809523809526,0.1,0.3404255319148936,0.073943661971831,1.0,1.0,1.0,0.0,0.0,0.0
280,0.0,0.7142857142857144,0.4,0.6595744680851063,0.5985915492957747,1.0,1.0,1.0,1.0,1.0,1.0
281,0.0,0.6190476190476192,0.7000000000000001,0.46808510638297873,0.6056338028169015,1.0,1.0,1.0,1.0,1.0,1.0
282,0.0,0.4285714285714287,0.6000000000000001,0.3404255319148936,0.5105633802816902,1.0,0.0,1.0,1.0,1.0,1.0
283,0.0,0.2857142857142858,0.5,0.2978723404255319,0.44014084507042256,0.0,0.0,0.0,0.0,0.0,0.0
284,0.0,0.523809523809524,0.5,0.3617021276595745,0.5316901408450705,1.0,0.0,1.0,1.0,1.0,1.0
286,1.0,0.09523809523809526,0.0,0.3617021276595745,0.34154929577464793,0.0,0.0,0.0,0.0,0.0,0.0
287,1.0,0.14285714285714288,0.1,0.5106382978723404,0.3028169014084507,0.0,0.0,0.0,0.0,0.0,0.0
288,0.0,0.4285714285714287,0.4,0.425531914893617,0.24295774647887325,1.0,1.0,1.0,1.0,1.0,1.0
289,0.0,0.6666666666666669,0.6000000000000001,0.5957446808510638,0.721830985915493,1.0,1.0,1.0,1.0,1.0,1.0
290,0.0,0.9523809523809527,0.30000000000000004,0.2978723404255319,0.5809859154929577,1.0,1.0,1.0,1.0,1.0,1.0
291,1.0,0.4285714285714287,0.4,0.4893617021276596,0.5880281690140845,0.0,0.0,0.0,0.0,0.0,0.0
292,0.0,0.4285714285714287,0.6000000000000001,0.574468085106383,0.41549295774647893,1.0,1.0,1.0,1.0,1.0,1.0
293,1.0,0.1904761904761905,0.4,0.14893617021276595,0.39788732394366194,0.0,0.0,0.0,0.0,0.0,0.0
295,0.0,0.4285714285714287,0.8,0.2978723404255319,0.6725352112676057,0.0,0.0,0.0,0.0,1.0,0.0
296,0.0,0.33333333333333337,0.8,0.3829787234042553,0.517605633802817,1.0,0.0,1.0,0.0,0.0,0.0
298,1.0,0.2857142857142858,0.4,0.4042553191489362,0.3345070422535212,0.0,0.0,0.0,0.0,0.0,0.0
300,0.0,0.6666666666666669,0.30000000000000004,0.46808510638297873,0.8767605633802817,1.0,1.0,0.0,0.0,0.0,0.0
301,1.0,0.5714285714285715,0.30000000000000004,0.17021276595744683,0.6408450704225352,1.0,1.0,1.0,1.0,1.0,1.0
302,0.0,0.1904761904761905,0.6000000000000001,0.2765957446808511,0.2746478873239437,0.0,0.0,0.0,0.0,0.0,0.0
303,0.0,0.4761904761904763,0.30000000000000004,0.425531914893617,0.4964788732394367,0.0,0.0,1.0,1.0,0.0,1.0
304,0.0,0.2857142857142858,0.5,0.21276595744680854,0.4366197183098592,1.0,0.0,0.0,0.0,0.0,0.0
306,1.0,0.1904761904761905,0.4,0.14893617021276595,0.3626760563380282,0.0,0.0,0.0,0.0,0.0,0.0
307,0.0,0.2857142857142858,0.6000000000000001,0.2978723404255319,0.39788732394366194,0.0,0.0,0.0,0.0,0.0,0.0
309,1.0,0.14285714285714288,0.4,0.0,0.176056338028169,1.0,0.0,0.0,0.0,0.0,0.0
310,0.0,0.523809523809524,0.4,0.21276595744680854,0.5246478873239437,1.0,0.0,1.0,1.0,1.0,1.0
311,1.0,0.4761904761904763,0.4,0.25531914893617025,0.517605633802817,0.0,0.0,0.0,1.0,0.0,1.0
312,1.0,0.047619047619047616,0.8,0.14893617021276595,0.05281690140845069,1.0,1.0,1.0,1.0,1.0,1.0
313,0.0,0.2857142857142858,1.0,0.46808510638297873,0.48239436619718307,0.0,0.0,0.0,0.0,0.0,0.0
314,1.0,0.7142857142857144,0.1,0.3404255319148936,0.6338028169014085,1.0,1.0,1.0,1.0,1.0,1.0
315,0.0,0.2380952380952381,0.7000000000000001,0.19148936170212766,0.33802816901408456,1.0,0.0,0.0,0.0,0.0,0.0
316,0.0,0.4761904761904763,0.6000000000000001,0.25531914893617025,0.5492957746478873,1.0,1.0,1.0,1.0,1.0,1.0
317,1.0,0.09523809523809526,0.1,0.14893617021276595,0.2112676056338028,0.0,0.0,0.0,0.0,0.0,0.0
318,1.0,0.09523809523809526,0.4,0.425531914893617,0.26760563380281693,0.0,0.0,0.0,0.0,0.0,0.0
319,1.0,0.4761904761904763,0.2,0.2978723404255319,0.5,0.0,0.0,0.0,1.0,0.0,1.0
320,1.0,0.7142857142857144,0.30000000000000004,0.19148936170212766,0.7288732394366197,1.0,1.0,1.0,1.0,1.0,1.0
321,0.0,0.2857142857142858,0.7000000000000001,0.3404255319148936,0.2887323943661972,1.0,1.0,1.0,1.0,1.0,1.0
322,0.0,0.4285714285714287,0.30000000000000004,0.3404255319148936,0.44014084507042256,1.0,0.0,1.0,1.0,0.0,1.0
323,1.0,0.38095238095238104,0.2,0.2765957446808511,0.5845070422535212,0.0,0.0,0.0,0.0,0.0,0.0
324,0.0,0.1904761904761905,0.8,0.5106382978723404,0.46830985915492956,0.0,0.0,0.0,0.0,0.0,0.0
325,0.0,0.5714285714285715,0.6000000000000001,0.425531914893617,0.73943661971831,1.0,1.0,1.0,1.0,1.0,1.0
327,1.0,0.38095238095238104,0.2,0.6595744680851063,0.48943661971830993,0.0,0.0,0.0,0.0,0.0,0.0
328,1.0,0.6666666666666669,0.30000000000000004,0.2765957446808511,0.5598591549295775,1.0,1.0,1.0,1.0,1.0,1.0
329,1.0,0.09523809523809526,0.5,0.3404255319148936,0.29577464788732394,0.0,0.0,0.0,0.0,0.0,0.0
330,0.0,0.5714285714285715,0.9,0.2765957446808511,0.5422535211267605,1.0,1.0,1.0,1.0,1.0,1.0
331,0.0,0.523809523809524,0.5,0.5106382978723404,0.6126760563380282,0.0,0.0,0.0,1.0,1.0,1.0
332,1.0,0.5714285714285715,0.0,0.3404255319148936,0.7992957746478873,0.0,1.0,0.0,0.0,0.0,0.0
333,0.0,0.38095238095238104,0.5,0.3829787234042553,0.45422535211267606,1.0,0.0,1.0,1.0,0.0,1.0
334,0.0,0.14285714285714288,0.30000000000000004,0.23404255319148937,0.13380281690140844,0.0,0.0,0.0,0.0,0.0,0.0
335,1.0,0.6190476190476192,0.6000000000000001,0.3191489361702128,0.7359154929577465,1.0,1.0,1.0,1.0,1.0,1.0
336,0.0,0.1904761904761905,0.9,0.2978723404255319,0.30985915492957744,1.0,1.0,1.0,1.0,0.0,0.0
337,1.0,0.09523809523809526,0.1,0.3617021276595745,0.1619718309859155,0.0,0.0,0.0,0.0,0.0,0.0
338,0.0,0.523809523809524,0.1,0.5106382978723404,0.45774647887323944,1.0,1.0,1.0,1.0,1.0,1.0
339,0.0,0.523809523809524,0.5,0.4042553191489362,0.5633802816901408,1.0,0.0,1.0,1.0,1.0,1.0
340,1.0,0.4761904761904763,0.6000000000000001,0.17021276595744683,0.5246478873239437,0.0,1.0,1.0,1.0,1.0,1.0
341,0.0,0.4761904761904763,0.30000000000000004,0.46808510638297873,0.5105633802816902,1.0,0.0,1.0,1.0,0.0,1.0
342,0.0,0.904761904761905,0.8,0.4893617021276596,0.6161971830985915,1.0,1.0,1.0,1.0,1.0,1.0
343,1.0,0.2380952380952381,0.30000000000000004,0.14893617021276595,0.2887323943661972,0.0,0.0,0.0,0.0,0.0,0.0
344,1.0,0.047619047619047616,0.30000000000000004,0.14893617021276595,0.13028169014084506,0.0,0.0,0.0,0.0,0.0,0.0
345,0.0,0.4761904761904763,0.9,0.4042553191489362,0.47183098591549294,1.0,1.0,1.0,1.0,1.0,1.0
346,0.0,0.4761904761904763,0.6000000000000001,0.44680851063829785,0.30633802816901406,1.0,1.0,1.0,1.0,1.0,1.0
347,0.0,0.33333333333333337,0.7000000000000001,0.7021276595744681,0.5,0.0,0.0,0.0,0.0,0.0,0.0
348,0.0,0.5714285714285715,0.5,0.44680851063829785,0.6056338028169015,1.0,1.0,1.0,1.0,1.0,1.0
349,1.0,0.2857142857142858,0.2,0.19148936170212766,0.5528169014084507,0.0,0.0,0.0,0.0,0.0,0.0
350,0.0,0.6190476190476192,0.5,0.4042553191489362,0.6232394366197183,1.0,1.0,1.0,1.0,1.0,1.0
351,1.0,0.4285714285714287,0.2,0.3191489361702128,0.4225352112676057,0.0,0.0,0.0,1.0,0.0,1.0
352,1.0,0.38095238095238104,0.5,0.25531914893617025,0.6725352112676057,1.0,0.0,0.0,0.0,0.0,0.0
353,1.0,0.523809523809524,0.5,0.5319148936170213,0.545774647887324,1.0,0.0,1.0,1.0,1.0,1.0
354,0.0,0.4761904761904763,0.4,0.2765957446808511,0.619718309859155,1.0,0.0,1.0,0.0,0.0,0.0
355,1.0,0.4285714285714287,0.5,0.21276595744680854,0.6549295774647887,0.0,0.0,0.0,0.0,0.0,0.0
356,0.0,0.4761904761904763,0.5,0.46808510638297873,0.44014084507042256,1.0,1.0,1.0,1.0,1.0,1.0
357,1.0,0.2380952380952381,0.30000000000000004,0.14893617021276595,0.44366197183098594,0.0,0.0,0.0,0.0,0.0,0.0
358,0.0,0.33333333333333337,0.5,0.44680851063829785,0.5070422535211268,0.0,0.0,0.0,0.0,0.0,0.0
360,0.0,0.38095238095238104,0.30000000000000004,0.3404255319148936,0.665492957746479,0.0,0.0,0.0,0.0,0.0,0.0
361,1.0,0.2857142857142858,0.30000000000000004,0.3191489361702128,0.5528169014084507,0.0,0.0,0.0,0.0,0.0,0.0
362,1.0,0.2857142857142858,0.6000000000000001,0.23404255319148937,0.3732394366197183,0.0,0.0,0.0,1.0,0.0,0.0
363,1.0,0.33333333333333337,0.30000000000000004,0.06382978723404255,0.3028169014084507,1.0,0.0,1.0,1.0,0.0,1.0
364,1.0,0.4285714285714287,0.30000000000000004,0.425531914893617,0.36619718309859156,1.0,0.0,1.0,1.0,1.0,1.0
365,0.0,0.4761904761904763,0.2,0.5531914893617021,0.6126760563380282,0.0,0.0,0.0,0.0,0.0,0.0
366,0.0,0.5714285714285715,0.2,0.46808510638297873,0.5809859154929577,1.0,1.0,1.0,1.0,1.0,1.0
367,1.0,0.904761904761905,0.2,0.6170212765957447,0.7640845070422535,1.0,1.0,1.0,1.0,1.0,1.0
368,1.0,0.1904761904761905,0.5,0.25531914893617025,0.35211267605633806,0.0,0.0,0.0,0.0,0.0,0.0
369,1.0,0.1904761904761905,0.2,0.17021276595744683,0.15845070422535212,1.0,0.0,0.0,0.0,0.0,0.0
370,0.0,0.33333333333333337,0.4,0.3617021276595745,0.48239436619718307,1.0,0.0,0.0,0.0,0.0,0.0
371,1.0,0.2857142857142858,0.4,0.2978723404255319,0.5669014084507042,0.0,0.0,0.0,0.0,0.0,0.0
372,1.0,0.2857142857142858,0.6000000000000001,0.14893617021276595,0.29577464788732394,0.0,0.0,0.0,1.0,0.0,1.0
373,0.0,0.2857142857142858,0.2,0.5531914893617021,0.48591549295774644,0.0,0.0,0.0,0.0,0.0,0.0
375,1.0,0.4285714285714287,0.30000000000000004,0.3617021276595745,0.4225352112676057,0.0,0.0,0.0,1.0,0.0,1.0
376,1.0,0.2857142857142858,0.2,0.14893617021276595,0.6514084507042253,0.0,0.0,0.0,0.0,0.0,0.0
377,1.0,0.6190476190476192,0.30000000000000004,0.3617021276595745,0.6373239436619718,1.0,1.0,1.0,1.0,1.0,1.0
378,1.0,0.2380952380952381,0.2,0.46808510638297873,0.29577464788732394,0.0,0.0,0.0,0.0,0.0,0.0
379,0.0,0.38095238095238104,0.5,0.4042553191489362,0.3626760563380282,0.0,1.0,1.0,1.0,1.0,1.0
381,0.0,0.8571428571428573,0.4,0.6170212765957447,0.5528169014084507,1.0,1.0,1.0,1.0,1.0,1.0
382,1.0,0.4285714285714287,0.4,0.6170212765957447,0.5669014084507042,1.0,0.0,1.0,0.0,0.0,0.0
383,1.0,0.6190476190476192,0.0,0.4042553191489362,0.6056338028169015,1.0,1.0,1.0,1.0,1.0,1.0
384,1.0,0.523809523809524,0.4,0.23404255319148937,0.4084507042253522,1.0,1.0,1.0,1.0,1.0,1.0
385,1.0,0.4285714285714287,1.0,0.3191489361702128,0.73943661971831,0.0,0.0,0.0,0.0,0.0,0.0
386,0.0,0.2857142857142858,0.30000000000000004,0.5531914893617021,0.29225352112676056,0.0,0.0,0.0,0.0,0.0,0.0
387,1.0,0.8095238095238096,0.4,0.3617021276595745,0.7570422535211268,1.0,1.0,1.0,1.0,1.0,1.0
388,0.0,0.09523809523809526,0.1,0.44680851063829785,0.18661971830985918,0.0,0.0,0.0,0.0,0.0,0.0
389,1.0,0.7619047619047621,0.4,0.3404255319148936,0.591549295774648,1.0,1.0,1.0,1.0,1.0,1.0
390,1.0,0.2380952380952381,0.7000000000000001,0.3617021276595745,0.41549295774647893,0.0,0.0,0.0,0.0,0.0,0.0
391,0.0,0.1904761904761905,0.4,0.3404255319148936,0.176056338028169,0.0,0.0,0.0,0.0,0.0,0.0
392,1.0,0.4285714285714287,0.30000000000000004,0.3404255319148936,0.665492957746479,0.0,0.0,0.0,0.0,0.0,0.0
393,0.0,0.2857142857142858,0.8,0.4042553191489362,0.4049295774647887,1.0,0.0,1.0,1.0,0.0,1.0
395,0.0,0.2380952380952381,0.7000000000000001,0.3191489361702128,0.3450704225352113,0.0,0.0,0.0,0.0,0.0,0.0
396,1.0,0.4285714285714287,0.4,0.19148936170212766,0.591549295774648,0.0,0.0,0.0,0.0,0.0,0.0
397,0.0,0.09523809523809526,0.2,0.46808510638297873,0.16901408450704225,0.0,0.0,0.0,0.0,0.0,0.0
398,1.0,0.2857142857142858,0.1,0.4042553191489362,0.20774647887323944,1.0,0.0,0.0,0.0,0.0,1.0
400,1.0,0.5714285714285715,0.0,0.3617021276595745,0.5598591549295775,0.0,1.0,1.0,1.0,1.0,1.0
401,0.0,0.4761904761904763,0.8,0.25531914893617025,0.48943661971830993,1.0,1.0,1.0,1.0,1.0,1.0
403,1.0,0.38095238095238104,0.7000000000000001,0.5319148936170213,0.45774647887323944,1.0,0.0,1.0,1.0,1.0,1.0
404,0.0,0.1904761904761905,0.5,0.12765957446808512,0.3626760563380282,0.0,0.0,0.0,0.0,0.0,0.0
405,1.0,0.14285714285714288,0.2,0.3617021276595745,0.36971830985915494,0.0,0.0,0.0,0.0,0.0,0.0
406,0.0,0.1904761904761905,0.1,0.44680851063829785,0.3767605633802817,0.0,0.0,0.0,0.0,0.0,0.0
407,1.0,0.4285714285714287,0.1,0.7446808510638298,0.46830985915492956,0.0,0.0,0.0,0.0,0.0,0.0
408,0.0,0.4285714285714287,0.5,0.6382978723404256,0.4366197183098592,0.0,0.0,1.0,1.0,1.0,1.0
409,0.0,0.4761904761904763,0.2,0.46808510638297873,0.3028169014084507,1.0,1.0,1.0,1.0,1.0,1.0
410,1.0,0.2857142857142858,0.4,0.14893617021276595,0.46830985915492956,0.0,0.0,0.0,0.0,0.0,0.0
411,0.0,0.33333333333333337,0.1,0.574468085106383,0.5387323943661972,0.0,0.0,0.0,0.0,0.0,0.0
413,1.0,0.33333333333333337,0.6000000000000001,0.19148936170212766,0.6549295774647887,0.0,0.0,0.0,0.0,0.0,0.0
414,0.0,0.4285714285714287,0.4,0.2765957446808511,0.6514084507042253,0.0,0.0,0.0,0.0,0.0,0.0
415,0.0,0.7619047619047621,0.5,0.6170212765957447,0.6795774647887325,1.0,1.0,1.0,1.0,1.0,1.0
416,1.0,0.5714285714285715,0.6000000000000001,0.5319148936170213,0.9190140845070423,0.0,0.0,0.0,0.0,0.0,0.0
417,0.0,0.6190476190476192,0.7000000000000001,0.5531914893617021,0.8591549295774648,1.0,1.0,1.0,1.0,1.0,0.0
418,0.0,0.4285714285714287,0.7000000000000001,0.3191489361702128,0.42957746478873243,1.0,1.0,1.0,1.0,1.0,1.0
419,1.0,0.33333333333333337,0.2,0.6808510638297872,0.5669014084507042,0.0,0.0,0.0,0.0,0.0,0.0
420,1.0,0.523809523809524,0.5,0.3829787234042553,0.6619718309859155,0.0,0.0,0.0,1.0,0.0,0.0
422,0.0,0.09523809523809526,0.1,0.6808510638297872,0.27816901408450706,0.0,0.0,0.0,0.0,0.0,0.0
424,0.0,0.7142857142857144,0.30000000000000004,0.5319148936170213,0.6584507042253522,1.0,1.0,1.0,1.0,1.0,1.0
425,0.0,0.33333333333333337,0.5,0.425531914893617,0.4049295774647887,1.0,1.0,0.0,0.0,0.0,0.0
426,1.0,0.5714285714285715,0.30000000000000004,0.2978723404255319,0.6408450704225352,0.0,1.0,1.0,1.0,1.0,1.0
427,0.0,0.4285714285714287,0.5,0.44680851063829785,0.6373239436619718,0.0,0.0,0.0,0.0,0.0,0.0
428,0.0,0.4285714285714287,0.30000000000000004,0.3617021276595745,0.5704225352112675,0.0,0.0,0.0,0.0,0.0,0.0
429,1.0,0.4285714285714287,0.6000000000000001,0.10638297872340426,0.4471830985915493,1.0,0.0,1.0,1.0,1.0,1.0
430,0.0,0.1904761904761905,0.8,0.23404255319148937,0.3169014084507042,0.0,0.0,0.0,0.0,0.0,0.0
431,0.0,0.6190476190476192,0.4,0.3191489361702128,0.6443661971830985,1.0,1.0,1.0,1.0,1.0,1.0
432,1.0,0.4285714285714287,0.4,0.4042553191489362,0.5598591549295775,1.0,0.0,1.0,0.0,0.0,0.0
433,0.0,0.4761904761904763,0.2,0.425531914893617,0.5880281690140845,0.0,0.0,0.0,0.0,0.0,0.0
434,1.0,0.5714285714285715,0.4,0.12765957446808512,0.21830985915492956,1.0,1.0,1.0,1.0,1.0,1.0
435,0.0,0.4285714285714287,0.2,0.3617021276595745,0.528169014084507,0.0,0.0,0.0,0.0,0.0,0.0
437,0.0,0.6666666666666669,0.8,0.2978723404255319,0.6514084507042253,1.0,1.0,1.0,1.0,1.0,1.0
438,0.0,0.38095238095238104,0.5,0.2765957446808511,0.45422535211267606,0.0,0.0,1.0,1.0,0.0,1.0
439,1.0,0.14285714285714288,0.2,0.25531914893617025,0.176056338028169,1.0,0.0,0.0,0.0,0.0,0.0
440,1.0,0.1904761904761905,0.1,0.21276595744680854,0.2746478873239437,1.0,0.0,0.0,0.0,0.0,0.0
441,0.0,0.2857142857142858,0.1,0.5106382978723404,0.5140845070422535,0.0,0.0,0.0,0.0,0.0,0.0
442,0.0,0.2857142857142858,0.4,0.3617021276595745,0.5035211267605635,0.0,0.0,0.0,0.0,0.0,0.0
443,1.0,0.33333333333333337,0.5,0.44680851063829785,0.4366197183098592,0.0,0.0,0.0,0.0,0.0,0.0
444,0.0,0.6666666666666669,0.6000000000000001,0.5957446808510638,0.778169014084507,1.0,1.0,1.0,1.0,1.0,1.0
446,0.0,0.33333333333333337,0.30000000000000004,0.46808510638297873,0.75,0.0,0.0,0.0,0.0,0.0,0.0
447,0.0,0.1904761904761905,0.1,0.44680851063829785,0.4049295774647887,0.0,0.0,0.0,0.0,0.0,0.0
448,0.0,0.8095238095238096,0.4,0.7659574468085106,0.9683098591549295,1.0,0.0,1.0,1.0,1.0,1.0
449,1.0,0.523809523809524,0.5,0.2765957446808511,0.6725352112676057,0.0,0.0,0.0,1.0,0.0,0.0
450,0.0,0.33333333333333337,0.6000000000000001,0.6170212765957447,0.3626760563380282,1.0,1.0,1.0,1.0,1.0,1.0
451,1.0,0.6190476190476192,0.7000000000000001,0.3829787234042553,0.6126760563380282,1.0,1.0,1.0,1.0,1.0,1.0
452,0.0,0.38095238095238104,0.7000000000000001,0.5106382978723404,0.602112676056338,1.0,0.0,0.0,0.0,0.0,0.0
453,1.0,0.2857142857142858,0.4,0.2765957446808511,0.3450704225352113,0.0,0.0,0.0,0.0,0.0,0.0
454,0.0,0.6190476190476192,0.4,0.46808510638297873,0.823943661971831,1.0,1.0,0.0,0.0,0.0,0.0
455,0.0,0.2380952380952381,0.5,0.3829787234042553,0.16901408450704225,0.0,0.0,0.0,1.0,0.0,1.0
456,0.0,0.09523809523809526,0.4,0.5531914893617021,0.2992957746478873,0.0,0.0,0.0,0.0,0.0,0.0
457,1.0,0.2857142857142858,0.4,0.5106382978723404,0.5246478873239437,0.0,0.0,0.0,0.0,0.0,0.0
458,0.0,0.4285714285714287,0.5,0.574468085106383,0.556338028169014,0.0,0.0,0.0,0.0,0.0,0.0
459,1.0,0.4761904761904763,0.30000000000000004,0.4893617021276596,0.7112676056338028,0.0,0.0,0.0,0.0,0.0,0.0
460,0.0,0.1904761904761905,0.8,0.25531914893617025,0.38380281690140844,0.0,0.0,0.0,0.0,0.0,0.0
461,0.0,0.33333333333333337,0.2,0.3617021276595745,0.46830985915492956,0.0,0.0,0.0,0.0,0.0,0.0
462,0.0,0.4761904761904763,0.7000000000000001,0.4893617021276596,0.7887323943661972,0.0,1.0,0.0,0.0,0.0,0.0
464,1.0,0.33333333333333337,0.6000000000000001,0.2765957446808511,0.6373239436619718,1.0,0.0,0.0,0.0,0.0,0.0
465,1.0,0.6666666666666669,0.30000000000000004,0.2978723404255319,0.7464788732394367,1.0,1.0,1.0,1.0,1.0,1.0
467,0.0,0.14285714285714288,0.7000000000000001,0.10638297872340426,0.2147887323943662,1.0,1.0,1.0,0.0,0.0,0.0
468,0.0,0.33333333333333337,0.30000000000000004,0.4042553191489362,0.4014084507042253,0.0,0.0,0.0,0.0,0.0,0.0
470,1.0,0.4285714285714287,0.30000000000000004,0.44680851063829785,0.556338028169014,1.0,0.0,1.0,0.0,0.0,0.0
471,0.0,0.33333333333333337,0.30000000000000004,0.7021276595744681,0.5845070422535212,0.0,0.0,0.0,0.0,0.0,0.0
472,0.0,0.5714285714285715,0.4,0.4893617021276596,0.517605633802817,1.0,1.0,1.0,1.0,1.0,1.0
473,1.0,0.4285714285714287,0.5,0.3404255319148936,0.6373239436619718,1.0,0.0,0.0,0.0,0.0,0.0
474,1.0,0.38095238095238104,0.2,0.6808510638297872,0.39436619718309857,1.0,0.0,0.0,0.0,1.0,1.0
475,0.0,0.38095238095238104,0.2,0.3191489361702128,0.3908450704225352,0.0,0.0,0.0,0.0,0.0,0.0
476,1.0,0.33333333333333337,0.6000000000000001,0.5106382978723404,0.5950704225352113,0.0,0.0,0.0,0.0,0.0,0.0
477,0.0,0.2857142857142858,0.4,0.3829787234042553,0.30985915492957744,0.0,0.0,0.0,0.0,0.0,0.0
478,0.0,0.4285714285714287,0.4,0.4042553191489362,0.4753521126760563,0.0,0.0,1.0,1.0,0.0,1.0
479,0.0,0.2380952380952381,0.4,1.0,0.42957746478873243,0.0,0.0,0.0,0.0,0.0,0.0
480,0.0,0.523809523809524,0.7000000000000001,0.5106382978723404,0.6725352112676057,1.0,1.0,1.0,1.0,1.0,1.0
481,0.0,0.2857142857142858,0.5,0.723404255319149,0.2992957746478873,0.0,0.0,0.0,0.0,0.0,0.0
482,1.0,0.6666666666666669,0.4,0.19148936170212766,0.573943661971831,1.0,1.0,1.0,1.0,1.0,1.0
483,0.0,0.5714285714285715,0.2,0.3829787234042553,0.6091549295774648,1.0,1.0,1.0,1.0,0.0,1.0
484,1.0,0.4285714285714287,0.2,0.3829787234042553,0.5387323943661972,0.0,0.0,0.0,0.0,0.0,0.0
486,1.0,0.6666666666666669,0.2,0.3404255319148936,0.630281690140845,1.0,1.0,1.0,1.0,1.0,1.0
487,1.0,0.2380952380952381,0.4,0.10638297872340426,0.32746478873239443,0.0,0.0,0.0,0.0,0.0,0.0
488,0.0,0.33333333333333337,0.2,0.7021276595744681,0.6091549295774648,0.0,0.0,0.0,0.0,0.0,0.0
489,0.0,0.1904761904761905,0.2,0.3617021276595745,0.3169014084507042,0.0,0.0,0.0,0.0,0.0,0.0
490,0.0,0.6666666666666669,0.4,0.5106382978723404,0.897887323943662,0.0,0.0,0.0,0.0,0.0,0.0
491,0.0,0.38095238095238104,0.4,0.2765957446808511,0.32746478873239443,1.0,1.0,1.0,1.0,1.0,1.0
492,1.0,0.2380952380952381,0.6000000000000001,0.04255319148936171,0.2992957746478873,1.0,0.0,1.0,1.0,0.0,0.0
493,0.0,0.33333333333333337,0.6000000000000001,0.46808510638297873,0.4330985915492958,1.0,0.0,1.0,0.0,0.0,0.0
495,0.0,0.8095238095238096,0.6000000000000001,0.44680851063829785,0.5211267605633803,1.0,1.0,1.0,1.0,1.0,1.0
496,0.0,0.523809523809524,0.2,0.44680851063829785,0.5669014084507042,0.0,0.0,0.0,0.0,0.0,0.0
497,1.0,0.38095238095238104,0.4,0.23404255319148937,0.5950704225352113,0.0,0.0,0.0,0.0,0.0,0.0
498,0.0,0.4285714285714287,0.2,0.3191489361702128,0.6619718309859155,0.0,0.0,0.0,0.0,0.0,0.0
500,1.0,0.4761904761904763,0.4,0.3191489361702128,0.665492957746479,0.0,0.0,0.0,0.0,0.0,0.0
501,0.0,0.5714285714285715,0.30000000000000004,0.8297872340425532,0.5633802816901408,0.0,1.0,1.0,1.0,1.0,1.0
502,1.0,0.4285714285714287,0.5,0.21276595744680854,0.3133802816901408,1.0,1.0,1.0,1.0,1.0,1.0
503,1.0,0.523809523809524,0.30000000000000004,0.5106382978723404,0.6584507042253522,0.0,0.0,0.0,0.0,0.0,0.0
505,0.0,0.6666666666666669,0.2,0.5319148936170213,0.602112676056338,1.0,1.0,1.0,1.0,1.0,1.0
506,0.0,0.1904761904761905,0.30000000000000004,0.2978723404255319,0.26760563380281693,0.0,0.0,0.0,0.0,0.0,0.0
507,0.0,0.2857142857142858,0.5,0.19148936170212766,0.4190140845070423,0.0,0.0,0.0,0.0,0.0,0.0
508,0.0,0.4761904761904763,0.30000000000000004,0.5319148936170213,0.3908450704225352,1.0,1.0,1.0,1.0,1.0,1.0
509,0.0,0.8571428571428573,0.30000000000000004,0.7872340425531915,0.8450704225352113,1.0,1.0,1.0,1.0,1.0,1.0
510,0.0,0.4761904761904763,0.30000000000000004,0.25531914893617025,0.42605633802816906,1.0,1.0,1.0,1.0,1.0,1.0
511,1.0,0.523809523809524,0.5,0.425531914893617,0.6866197183098592,0.0,0.0,0.0,1.0,0.0,0.0
512,0.0,0.2857142857142858,0.5,0.06382978723404255,0.15492957746478875,1.0,0.0,1.0,1.0,1.0,1.0
516,0.0,1.0,0.30000000000000004,0.3829787234042553,0.971830985915493,1.0,1.0,1.0,1.0,1.0,1.0
517,0.0,0.4761904761904763,0.6000000000000001,0.3617021276595745,0.619718309859155,1.0,1.0,1.0,1.0,1.0,1.0
518,0.0,0.2380952380952381,0.8,0.25531914893617025,0.4612676056338028,0.0,0.0,0.0,0.0,0.0,0.0
519,0.0,0.4285714285714287,0.5,0.6382978723404256,0.2992957746478873,1.0,1.0,1.0,1.0,1.0,1.0
520,0.0,0.5714285714285715,0.6000000000000001,0.7021276595744681,0.5352112676056338,1.0,1.0,1.0,1.0,1.0,1.0
522,0.0,0.14285714285714288,0.4,0.3404255319148936,0.2112676056338028,0.0,0.0,0.0,0.0,0.0,0.0
523,0.0,0.14285714285714288,0.2,0.7446808510638298,0.2746478873239437,0.0,0.0,0.0,0.0,0.0,0.0
524,0.0,0.4761904761904763,0.4,0.44680851063829785,0.6232394366197183,0.0,0.0,0.0,0.0,0.0,0.0
525,0.0,0.1904761904761905,0.5,0.3191489361702128,0.39788732394366194,0.0,0.0,0.0,0.0,0.0,0.0
526,0.0,0.4761904761904763,0.6000000000000001,0.5957446808510638,0.6901408450704225,0.0,1.0,0.0,0.0,0.0,0.0
527,0.0,0.7619047619047621,0.1,0.7872340425531915,0.6549295774647887,1.0,1.0,1.0,1.0,1.0,1.0
528,0.0,0.6666666666666669,0.5,0.3617021276595745,0.7183098591549295,1.0,1.0,1.0,1.0,1.0,1.0
529,0.0,0.33333333333333337,0.7000000000000001,0.3829787234042553,0.5704225352112675,0.0,0.0,0.0,0.0,0.0,0.0
531,0.0,0.2380952380952381,0.7000000000000001,0.17021276595744683,0.3873239436619718,0.0,0.0,0.0,0.0,0.0,0.0
532,0.0,0.4761904761904763,0.7000000000000001,0.574468085106383,0.44014084507042256,1.0,1.0,1.0,1.0,1.0,1.0
533,0.0,0.4285714285714287,0.7000000000000001,0.3617021276595745,0.556338028169014,0.0,0.0,1.0,1.0,1.0,1.0
534,0.0,0.09523809523809526,0.30000000000000004,0.3617021276595745,0.13028169014084506,0.0,0.0,0.0,0.0,0.0,0.0
535,0.0,0.523809523809524,0.4,0.2765957446808511,0.573943661971831,0.0,0.0,0.0,1.0,1.0,1.0
536,0.0,0.33333333333333337,0.1,0.6382978723404256,0.38028169014084506,0.0,0.0,0.0,0.0,0.0,0.0
537,0.0,0.33333333333333337,0.8,0.2978723404255319,0.5352112676056338,0.0,0.0,0.0,0.0,0.0,0.0
538,0.0,0.1904761904761905,0.8,0.5531914893617021,0.38380281690140844,0.0,0.0,0.0,0.0,0.0,0.0
539,0.0,0.4285714285714287,0.7000000000000001,0.4893617021276596,0.7077464788732395,0.0,0.0,0.0,0.0,0.0,0.0
540,0.0,0.6666666666666669,0.1,0.723404255319149,0.8485915492957745,0.0,0.0,0.0,0.0,0.0,0.0
541,0.0,0.4285714285714287,0.5,0.6382978723404256,0.5035211267605635,1.0,0.0,1.0,0.0,0.0,0.0
542,0.0,0.5714285714285715,0.4,0.6808510638297872,0.778169014084507,0.0,0.0,0.0,0.0,0.0,0.0
543,0.0,0.4285714285714287,0.4,0.5106382978723404,0.5774647887323945,0.0,0.0,0.0,0.0,0.0,0.0
545,0.0,0.7619047619047621,0.6000000000000001,0.6382978723404256,0.6901408450704225,1.0,1.0,1.0,1.0,1.0,1.0
546,0.0,0.7142857142857144,0.0,0.6595744680851063,0.9154929577464788,0.0,0.0,0.0,0.0,0.0,0.0
547,0.0,0.33333333333333337,0.4,0.8085106382978723,0.30633802816901406,1.0,1.0,1.0,0.0,0.0,0.0
548,0.0,0.38095238095238104,0.5,0.4893617021276596,0.6795774647887325,0.0,0.0,0.0,0.0,0.0,0.0
549,0.0,0.6190476190476192,0.5,0.6808510638297872,0.7887323943661972,0.0,0.0,0.0,0.0,0.0,0.0
551,0.0,0.5714285714285715,0.7000000000000001,0.2978723404255319,0.4612676056338028,1.0,1.0,1.0,1.0,1.0,1.0
552,0.0,0.8571428571428573,0.8,0.5319148936170213,0.8450704225352113,1.0,1.0,1.0,1.0,1.0,1.0
553,0.0,0.6666666666666669,0.1,0.4042553191489362,0.5880281690140845,1.0,1.0,1.0,1.0,1.0,1.0
554,0.0,0.6190476190476192,0.5,0.46808510638297873,0.7711267605633803,0.0,1.0,1.0,1.0,1.0,1.0
555,0.0,0.4761904761904763,0.7000000000000001,0.574468085106383,0.73943661971831,0.0,1.0,0.0,0.0,0.0,0.0
556,0.0,0.523809523809524,0.30000000000000004,0.5531914893617021,0.676056338028169,0.0,0.0,0.0,0.0,0.0,0.0
557,0.0,0.6666666666666669,0.7000000000000001,0.5319148936170213,0.732394366197183,1.0,1.0,1.0,1.0,1.0,1.0
558,0.0,0.4761904761904763,0.6000000000000001,0.8297872340425532,0.7746478873239437,0.0,0.0,0.0,0.0,0.0,0.0
559,0.0,0.523809523809524,0.30000000000000004,0.7872340425531915,0.6338028169014085,0.0,0.0,0.0,0.0,0.0,0.0
560,0.0,0.7142857142857144,0.4,0.5319148936170213,0.73943661971831,1.0,1.0,1.0,1.0,1.0,1.0
561,0.0,0.5714285714285715,0.7000000000000001,0.723404255319149,0.6056338028169015,1.0,1.0,1.0,1.0,1.0,1.0
562,0.0,0.33333333333333337,0.7000000000000001,0.5531914893617021,0.545774647887324,0.0,0.0,0.0,0.0,0.0,0.0
563,0.0,0.38095238095238104,0.4,0.5957446808510638,0.4190140845070423,1.0,1.0,1.0,0.0,0.0,0.0
564,0.0,0.2857142857142858,0.30000000000000004,0.5957446808510638,0.32042253521126757,1.0,0.0,0.0,0.0,0.0,0.0
565,0.0,0.14285714285714288,0.5,0.8723404255319149,0.08098591549295775,1.0,0.0,1.0,0.0,1.0,0.0
566,0.0,0.7619047619047621,0.4,0.7872340425531915,0.619718309859155,1.0,1.0,1.0,1.0,1.0,1.0
567,0.0,0.5714285714285715,0.4,0.5106382978723404,0.6901408450704225,1.0,1.0,1.0,1.0,1.0,0.0
568,0.0,0.7619047619047621,0.8,0.7872340425531915,0.5528169014084507,1.0,1.0,1.0,1.0,1.0,1.0
569,0.0,0.523809523809524,0.4,0.3191489361702128,0.545774647887324,1.0,0.0,1.0,1.0,1.0,1.0
570,0.0,0.8095238095238096,0.6000000000000001,0.9148936170212766,0.7852112676056338,1.0,0.0,1.0,1.0,1.0,1.0
571,0.0,0.4285714285714287,0.8,0.5531914893617021,0.47183098591549294,1.0,0.0,1.0,1.0,1.0,1.0
573,0.0,0.8095238095238096,0.6000000000000001,0.19148936170212766,0.545774647887324,1.0,1.0,1.0,1.0,1.0,1.0
574,0.0,0.7142857142857144,0.4,0.4042553191489362,0.721830985915493,1.0,1.0,1.0,1.0,1.0,1.0
577,0.0,0.2857142857142858,0.30000000000000004,0.4042553191489362,0.33802816901408456,1.0,0.0,0.0,0.0,0.0,0.0
578,0.0,0.7619047619047621,0.5,0.44680851063829785,0.6408450704225352,1.0,1.0,1.0,1.0,1.0,1.0
579,0.0,0.4761904761904763,0.5,0.6382978723404256,0.573943661971831,1.0,0.0,1.0,0.0,0.0,0.0
580,0.0,0.047619047619047616,0.30000000000000004,0.7659574468085106,0.02816901408450706,1.0,1.0,1.0,0.0,0.0,0.0
581,0.0,0.7619047619047621,0.4,0.425531914893617,0.9929577464788732,1.0,1.0,1.0,1.0,0.0,0.0
582,1.0,0.14285714285714288,0.2,0.5319148936170213,0.30985915492957744,0.0,0.0,0.0,0.0,0.0,0.0
583,0.0,0.33333333333333337,0.7000000000000001,0.7021276595744681,0.6161971830985915,0.0,0.0,0.0,0.0,0.0,0.0
584,0.0,0.33333333333333337,0.5,0.7659574468085106,0.4753521126760563,0.0,0.0,0.0,0.0,0.0,0.0
585,0.0,0.523809523809524,0.4,0.5957446808510638,0.5880281690140845,0.0,0.0,0.0,1.0,1.0,1.0
586,0.0,0.6190476190476192,0.7000000000000001,0.5531914893617021,0.6725352112676057,1.0,1.0,1.0,1.0,1.0,1.0
587,1.0,0.33333333333333337,0.2,0.3404255319148936,0.5950704225352113,0.0,0.0,0.0,0.0,0.0,0.0
588,0.0,0.1904761904761905,0.5,0.3617021276595745,0.26760563380281693,0.0,0.0,0.0,0.0,0.0,0.0
590,0.0,0.33333333333333337,0.1,0.7659574468085106,0.36619718309859156,0.0,0.0,0.0,0.0,0.0,0.0
591,0.0,0.5714285714285715,0.4,0.5531914893617021,0.4964788732394367,1.0,1.0,1.0,1.0,1.0,1.0
592,0.0,0.6666666666666669,0.4,0.5106382978723404,0.9471830985915493,0.0,0.0,0.0,0.0,0.0,0.0
593,0.0,0.14285714285714288,0.5,0.7659574468085106,0.30985915492957744,0.0,0.0,0.0,0.0,0.0,0.0
594,0.0,0.38095238095238104,0.30000000000000004,0.3617021276595745,0.4330985915492958,1.0,0.0,1.0,0.0,0.0,0.0
595,0.0,0.2857142857142858,1.0,0.21276595744680854,0.41549295774647893,0.0,0.0,1.0,1.0,1.0,1.0
596,0.0,0.4285714285714287,0.4,0.4893617021276596,0.48239436619718307,1.0,0.0,1.0,1.0,0.0,0.0
597,0.0,0.6666666666666669,0.1,0.44680851063829785,0.5845070422535212,1.0,1.0,1.0,1.0,1.0,1.0
598,0.0,0.7619047619047621,0.2,0.7021276595744681,0.7288732394366197,1.0,1.0,1.0,1.0,1.0,1.0
599,0.0,0.1904761904761905,0.5,0.4893617021276596,0.39436619718309857,0.0,0.0,0.0,0.0,0.0,0.0
600,0.0,0.33333333333333337,0.8,0.574468085106383,0.5809859154929577,0.0,0.0,0.0,0.0,0.0,0.0
601,0.0,0.523809523809524,1.0,0.25531914893617025,0.4507042253521127,1.0,1.0,1.0,1.0,1.0,1.0
602,0.0,0.33333333333333337,0.1,0.5319148936170213,0.4190140845070423,0.0,0.0,0.0,0.0,0.0,0.0
603,0.0,0.4285714285714287,0.5,0.4042553191489362,0.5211267605633803,1.0,0.0,1.0,1.0,0.0,1.0
604,0.0,0.33333333333333337,0.8,0.425531914893617,0.5105633802816902,1.0,0.0,1.0,0.0,0.0,0.0
605,0.0,0.7619047619047621,0.6000000000000001,0.25531914893617025,0.5105633802816902,1.0,1.0,1.0,1.0,1.0,1.0
606,0.0,0.09523809523809526,0.2,0.06382978723404255,0.073943661971831,1.0,1.0,1.0,0.0,0.0,0.0
609,0.0,0.4285714285714287,0.4,0.23404255319148937,0.5880281690140845,0.0,0.0,0.0,0.0,0.0,0.0
610,0.0,0.523809523809524,0.7000000000000001,0.46808510638297873,0.6971830985915493,1.0,1.0,1.0,1.0,1.0,1.0
611,0.0,0.2857142857142858,0.30000000000000004,0.4893617021276596,0.29225352112676056,1.0,0.0,0.0,0.0,0.0,0.0
612,0.0,0.7619047619047621,0.9,0.3404255319148936,0.5774647887323945,1.0,1.0,1.0,1.0,1.0,1.0
614,0.0,0.2380952380952381,0.6000000000000001,0.46808510638297873,0.3450704225352113,0.0,0.0,0.0,0.0,0.0,0.0
615,0.0,0.2857142857142858,0.4,0.574468085106383,0.44014084507042256,0.0,0.0,0.0,0.0,0.0,0.0
616,0.0,0.5714285714285715,0.5,0.3829787234042553,0.6091549295774648,1.0,1.0,1.0,1.0,1.0,1.0
617,0.0,0.09523809523809526,1.0,0.19148936170212766,0.16549295774647887,0.0,1.0,1.0,1.0,1.0,1.0
618,0.0,0.4285714285714287,0.5,0.2978723404255319,0.73943661971831,1.0,0.0,0.0,0.0,0.0,0.0
619,0.0,0.33333333333333337,0.4,0.2765957446808511,0.3345070422535212,1.0,1.0,1.0,1.0,0.0,1.0
620,0.0,0.2380952380952381,1.0,0.44680851063829785,0.3591549295774648,1.0,0.0,1.0,1.0,1.0,1.0
621,0.0,0.6190476190476192,0.7000000000000001,0.3617021276595745,0.5035211267605635,1.0,1.0,1.0,1.0,1.0,1.0
622,0.0,0.6666666666666669,0.8,0.2765957446808511,0.7112676056338028,1.0,1.0,1.0,1.0,1.0,1.0
623,0.0,0.1904761904761905,0.6000000000000001,0.5106382978723404,0.2007042253521127,1.0,0.0,0.0,0.0,0.0,0.0
624,0.0,0.09523809523809526,0.30000000000000004,0.19148936170212766,0.2112676056338028,0.0,0.0,0.0,0.0,0.0,0.0
625,0.0,0.33333333333333337,0.5,0.3617021276595745,0.5246478873239437,0.0,0.0,0.0,0.0,0.0,0.0
626,0.0,0.4761904761904763,0.6000000000000001,0.4893617021276596,0.7535211267605635,1.0,1.0,1.0,0.0,0.0,0.0
629,0.0,0.6666666666666669,0.2,0.8723404255319149,0.5704225352112675,1.0,1.0,1.0,1.0,1.0,1.0
630,0.0,0.4285714285714287,0.30000000000000004,0.46808510638297873,0.4471830985915493,1.0,0.0,1.0,1.0,0.0,0.0
631,0.0,0.14285714285714288,0.0,0.23404255319148937,0.32042253521126757,0.0,0.0,0.0,0.0,0.0,0.0
632,0.0,0.2380952380952381,0.2,0.851063829787234,0.3133802816901408,0.0,0.0,0.0,0.0,0.0,0.0
634,0.0,0.4285714285714287,0.30000000000000004,0.9148936170212766,0.4788732394366197,0.0,0.0,0.0,0.0,0.0,0.0
635,0.0,0.5714285714285715,0.9,0.5106382978723404,0.6443661971830985,1.0,1.0,1.0,1.0,1.0,1.0
636,0.0,0.523809523809524,0.5,0.723404255319149,0.6549295774647887,0.0,0.0,0.0,0.0,0.0,0.0
637,0.0,1.0,0.30000000000000004,0.7659574468085106,0.75,1.0,1.0,1.0,1.0,1.0,1.0
638,0.0,0.09523809523809526,0.6000000000000001,0.425531914893617,0.11971830985915494,0.0,0.0,0.0,0.0,0.0,0.0
639,0.0,0.7142857142857144,0.2,0.46808510638297873,0.45422535211267606,1.0,1.0,1.0,1.0,1.0,1.0
640,0.0,0.38095238095238104,0.4,0.46808510638297873,0.35211267605633806,1.0,1.0,1.0,1.0,1.0,1.0
641,0.0,0.38095238095238104,0.1,0.5957446808510638,0.44014084507042256,0.0,0.0,0.0,0.0,0.0,0.0
642,0.0,0.2857142857142858,0.30000000000000004,0.5319148936170213,0.4014084507042253,0.0,0.0,0.0,0.0,0.0,0.0
643,0.0,0.0,0.5,0.17021276595744683,0.04577464788732394,0.0,0.0,1.0,0.0,0.0,0.0
645,0.0,0.7142857142857144,0.4,0.6595744680851063,0.732394366197183,0.0,1.0,1.0,1.0,1.0,1.0
646,0.0,0.33333333333333337,0.7000000000000001,0.6170212765957447,0.3450704225352113,0.0,1.0,0.0,1.0,1.0,1.0
647,0.0,0.38095238095238104,0.8,0.6170212765957447,0.6126760563380282,0.0,0.0,0.0,0.0,0.0,0.0
649,0.0,0.523809523809524,0.30000000000000004,0.44680851063829785,0.41549295774647893,1.0,1.0,1.0,1.0,1.0,1.0
651,0.0,0.8095238095238096,0.8,0.2765957446808511,0.897887323943662,1.0,0.0,1.0,1.0,1.0,1.0
652,0.0,0.1904761904761905,0.2,0.5531914893617021,0.30985915492957744,0.0,0.0,0.0,0.0,0.0,0.0
653,0.0,0.14285714285714288,0.2,0.44680851063829785,0.29577464788732394,0.0,0.0,0.0,0.0,0.0,0.0
654,0.0,0.4285714285714287,0.30000000000000004,0.425531914893617,0.2746478873239437,1.0,0.0,1.0,1.0,1.0,1.0
655,0.0,0.4285714285714287,0.2,0.5531914893617021,0.6408450704225352,0.0,0.0,0.0,0.0,0.0,0.0
656,0.0,0.14285714285714288,0.0,0.6170212765957447,0.26760563380281693,0.0,0.0,0.0,0.0,0.0,0.0
658,0.0,0.33333333333333337,0.5,0.6170212765957447,0.665492957746479,0.0,0.0,0.0,0.0,0.0,0.0
659,0.0,0.6666666666666669,0.5,0.5106382978723404,0.6830985915492958,1.0,1.0,1.0,1.0,1.0,1.0
660,0.0,0.38095238095238104,0.2,0.8085106382978723,0.4964788732394367,0.0,0.0,0.0,0.0,0.0,0.0
662,0.0,0.4285714285714287,0.4,0.44680851063829785,0.5809859154929577,1.0,0.0,0.0,0.0,0.0,0.0
663,0.0,0.5714285714285715,0.8,0.3617021276595745,0.5140845070422535,1.0,1.0,1.0,1.0,1.0,1.0
664,0.0,0.2380952380952381,0.5,0.6170212765957447,0.48239436619718307,0.0,0.0,0.0,0.0,0.0,0.0
666,0.0,0.4761904761904763,0.30000000000000004,0.6808510638297872,0.6267605633802817,0.0,0.0,0.0,0.0,0.0,0.0
667,0.0,0.1904761904761905,0.6000000000000001,0.3191489361702128,0.30985915492957744,0.0,0.0,0.0,0.0,0.0,0.0
669,0.0,0.14285714285714288,0.30000000000000004,0.425531914893617,0.3485915492957747,0.0,0.0,0.0,0.0,0.0,0.0
670,0.0,0.6190476190476192,0.4,0.6170212765957447,0.39788732394366194,1.0,1.0,1.0,1.0,1.0,1.0
671,0.0,0.2857142857142858,0.4,0.25531914893617025,0.35563380281690143,1.0,0.0,0.0,0.0,0.0,0.0
672,0.0,0.2857142857142858,0.6000000000000001,0.425531914893617,0.3485915492957747,0.0,0.0,0.0,0.0,0.0,0.0
673,0.0,0.4285714285714287,0.6000000000000001,0.574468085106383,0.6161971830985915,0.0,0.0,0.0,0.0,0.0,0.0
674,1.0,0.14285714285714288,0.6000000000000001,0.19148936170212766,0.29577464788732394,0.0,0.0,0.0,0.0,0.0,0.0
677,0.0,0.4285714285714287,0.4,0.3829787234042553,0.75,0.0,0.0,0.0,0.0,0.0,0.0
678,0.0,0.4285714285714287,0.4,0.5957446808510638,0.7112676056338028,0.0,0.0,0.0,0.0,0.0,0.0
679,0.0,0.5714285714285715,0.5,0.5957446808510638,0.46830985915492956,0.0,1.0,1.0,1.0,1.0,1.0
680,0.0,0.6666666666666669,0.4,0.6595744680851063,0.8380281690140845,0.0,0.0,0.0,0.0,0.0,0.0
682,0.0,0.6190476190476192,0.9,0.46808510638297873,0.676056338028169,1.0,1.0,1.0,1.0,1.0,1.0
683,0.0,0.4285714285714287,0.30000000000000004,0.5106382978723404,0.4507042253521127,0.0,0.0,0.0,0.0,0.0,0.0
686,0.0,0.523809523809524,0.2,0.6170212765957447,0.6795774647887325,1.0,0.0,0.0,0.0,0.0,0.0
687,0.0,0.4285714285714287,0.30000000000000004,0.23404255319148937,0.591549295774648,0.0,0.0,0.0,0.0,0.0,0.0
688,0.0,0.4285714285714287,0.7000000000000001,0.44680851063829785,0.7077464788732395,0.0,0.0,0.0,0.0,0.0,0.0
689,0.0,0.33333333333333337,0.4,0.3191489361702128,0.48591549295774644,0.0,0.0,0.0,0.0,0.0,0.0
692,0.0,0.33333333333333337,0.7000000000000001,0.3617021276595745,0.41549295774647893,1.0,1.0,1.0,1.0,1.0,1.0
694,0.0,0.5714285714285715,0.6000000000000001,0.3829787234042553,0.7429577464788732,0.0,1.0,1.0,1.0,1.0,1.0
696,0.0,0.6190476190476192,0.30000000000000004,0.4893617021276596,0.8450704225352113,1.0,1.0,1.0,0.0,0.0,0.0
697,1.0,0.2380952380952381,0.5,0.3191489361702128,0.48943661971830993,0.0,0.0,0.0,0.0,0.0,0.0
698,0.0,0.5714285714285715,0.6000000000000001,0.5319148936170213,0.6795774647887325,1.0,1.0,1.0,1.0,1.0,1.0
699,0.0,0.4761904761904763,0.9,0.4042553191489362,0.545774647887324,1.0,1.0,1.0,1.0,1.0,1.0
700,1.0,0.1904761904761905,0.5,0.574468085106383,0.3591549295774648,0.0,0.0,0.0,0.0,0.0,0.0
702,0.0,0.2380952380952381,0.1,0.3191489361702128,0.38028169014084506,0.0,0.0,0.0,0.0,0.0,0.0
703,0.0,0.2380952380952381,0.2,0.25531914893617025,0.39788732394366194,0.0,0.0,0.0,0.0,0.0,0.0
704,0.0,0.523809523809524,0.5,0.5957446808510638,0.665492957746479,0.0,0.0,0.0,0.0,0.0,0.0
706,0.0,0.33333333333333337,0.7000000000000001,0.2978723404255319,0.4753521126760563,0.0,0.0,0.0,0.0,0.0,0.0
707,0.0,0.8571428571428573,0.30000000000000004,0.6382978723404256,0.767605633802817,1.0,1.0,1.0,1.0,1.0,1.0
708,0.0,0.523809523809524,0.4,0.21276595744680854,0.5387323943661972,1.0,0.0,1.0,1.0,1.0,1.0
709,0.0,0.6190476190476192,0.2,0.21276595744680854,0.26408450704225356,1.0,1.0,1.0,1.0,1.0,1.0
710,0.0,0.4285714285714287,0.6000000000000001,0.5106382978723404,0.7852112676056338,0.0,0.0,0.0,0.0,0.0,0.0
711,0.0,0.7619047619047621,0.2,0.4893617021276596,0.4964788732394367,1.0,1.0,1.0,1.0,1.0,1.0
712,0.0,0.2857142857142858,0.4,0.6595744680851063,0.4014084507042253,0.0,0.0,0.0,0.0,0.0,0.0
713,0.0,0.6190476190476192,0.4,0.425531914893617,0.6056338028169015,1.0,1.0,1.0,1.0,1.0,1.0
714,0.0,0.4285714285714287,0.9,0.3191489361702128,0.545774647887324,1.0,0.0,1.0,1.0,1.0,1.0
717,0.0,0.1904761904761905,0.30000000000000004,0.4893617021276596,0.2535211267605634,1.0,0.0,0.0,0.0,0.0,0.0
718,0.0,0.09523809523809526,0.30000000000000004,0.14893617021276595,0.2359154929577465,0.0,0.0,0.0,0.0,0.0,0.0
719,0.0,0.5714285714285715,0.5,0.4893617021276596,0.3345070422535212,1.0,1.0,1.0,1.0,1.0,1.0
720,0.0,0.2380952380952381,0.30000000000000004,0.8085106382978723,0.3169014084507042,0.0,0.0,0.0,0.0,0.0,0.0
721,0.0,0.8095238095238096,0.0,0.8936170212765957,0.5528169014084507,1.0,1.0,1.0,1.0,1.0,1.0
722,0.0,0.2857142857142858,0.2,0.723404255319149,0.573943661971831,0.0,0.0,0.0,0.0,0.0,0.0
723,0.0,0.2380952380952381,0.30000000000000004,0.8085106382978723,0.30633802816901406,1.0,0.0,0.0,0.0,0.0,0.0
724,0.0,0.14285714285714288,0.4,0.6170212765957447,0.3767605633802817,0.0,0.0,0.0,0.0,0.0,0.0
725,0.0,0.33333333333333337,0.4,0.5319148936170213,0.41197183098591555,0.0,1.0,0.0,0.0,0.0,0.0
726,0.0,0.4285714285714287,0.4,0.7872340425531915,0.6161971830985915,1.0,0.0,1.0,0.0,0.0,0.0
727,0.0,0.8571428571428573,0.30000000000000004,0.851063829787234,0.7711267605633803,1.0,1.0,1.0,1.0,1.0,1.0
728,0.0,0.14285714285714288,0.5,0.2978723404255319,0.19366197183098594,0.0,0.0,0.0,0.0,0.0,0.0
729,0.0,0.4285714285714287,0.8,0.7872340425531915,0.6549295774647887,0.0,0.0,0.0,0.0,0.0,0.0
730,0.0,0.2857142857142858,0.30000000000000004,0.7872340425531915,0.32042253521126757,0.0,0.0,0.0,0.0,0.0,0.0
731,0.0,0.4285714285714287,0.5,0.851063829787234,0.573943661971831,1.0,0.0,1.0,0.0,0.0,0.0
732,0.0,0.7142857142857144,0.30000000000000004,0.7659574468085106,0.7288732394366197,1.0,1.0,1.0,1.0,1.0,1.0
733,0.0,0.7619047619047621,0.4,0.7659574468085106,0.795774647887324,1.0,1.0,1.0,1.0,1.0,1.0
734,0.0,0.4761904761904763,0.4,0.5106382978723404,0.42957746478873243,0.0,1.0,1.0,1.0,1.0,1.0
735,0.0,0.8095238095238096,0.2,0.46808510638297873,0.9119718309859155,0.0,0.0,0.0,1.0,1.0,1.0
736,0.0,0.4285714285714287,0.1,0.7446808510638298,0.35563380281690143,0.0,0.0,0.0,0.0,0.0,0.0
739,0.0,0.4761904761904763,0.30000000000000004,0.8085106382978723,0.44366197183098594,1.0,1.0,1.0,1.0,1.0,1.0
740,0.0,0.4285714285714287,0.7000000000000001,0.5531914893617021,0.5774647887323945,1.0,0.0,0.0,1.0,0.0,0.0
741,0.0,0.6190476190476192,0.4,0.5531914893617021,0.7183098591549295,1.0,1.0,1.0,1.0,1.0,1.0
742,0.0,0.33333333333333337,0.30000000000000004,0.6382978723404256,0.619718309859155,0.0,0.0,0.0,0.0,0.0,0.0
743,0.0,0.4285714285714287,0.5,0.5531914893617021,0.30985915492957744,1.0,1.0,1.0,1.0,1.0,1.0
744,0.0,0.6190476190476192,1.0,0.6808510638297872,0.778169014084507,0.0,0.0,0.0,1.0,1.0,1.0
745,0.0,0.38095238095238104,0.9,0.6808510638297872,0.5598591549295775,1.0,0.0,1.0,1.0,0.0,0.0
746,0.0,0.4761904761904763,0.30000000000000004,0.6170212765957447,0.4612676056338028,1.0,1.0,1.0,1.0,1.0,1.0
747,0.0,0.33333333333333337,0.5,0.44680851063829785,0.517605633802817,0.0,0.0,0.0,0.0,0.0,0.0
748,0.0,0.6190476190476192,0.30000000000000004,0.5106382978723404,0.6866197183098592,0.0,1.0,1.0,1.0,1.0,1.0
750,0.0,0.2380952380952381,0.1,0.7659574468085106,0.4753521126760563,0.0,0.0,0.0,0.0,0.0,0.0
751,0.0,0.2380952380952381,0.1,0.7872340425531915,0.3908450704225352,0.0,0.0,0.0,0.0,0.0,0.0
752,0.0,0.8095238095238096,0.9,0.574468085106383,0.795774647887324,1.0,0.0,1.0,1.0,1.0,1.0
753,0.0,0.6666666666666669,0.30000000000000004,0.5106382978723404,0.545774647887324,1.0,1.0,1.0,1.0,1.0,1.0
754,0.0,0.523809523809524,0.6000000000000001,0.4893617021276596,0.73943661971831,1.0,1.0,1.0,0.0,0.0,0.0
756,0.0,0.4285714285714287,0.6000000000000001,0.5319148936170213,0.3732394366197183,0.0,1.0,1.0,1.0,1.0,1.0
757,0.0,0.14285714285714288,0.5,0.3191489361702128,0.26408450704225356,0.0,0.0,0.0,0.0,0.0,0.0
759,0.0,0.4285714285714287,0.4,0.6170212765957447,0.5528169014084507,0.0,0.0,0.0,0.0,0.0,0.0
760,0.0,0.523809523809524,0.6000000000000001,0.6170212765957447,0.5140845070422535,1.0,1.0,1.0,1.0,1.0,1.0
761,0.0,0.6190476190476192,0.4,0.6382978723404256,0.5880281690140845,1.0,1.0,1.0,1.0,1.0,1.0
762,0.0,0.4761904761904763,0.7000000000000001,0.3829787234042553,0.5880281690140845,1.0,1.0,1.0,1.0,1.0,1.0
763,0.0,0.2857142857142858,0.2,0.44680851063829785,0.48591549295774644,0.0,0.0,0.0,0.0,0.0,0.0
764,0.0,0.09523809523809526,0.2,0.3617021276595745,0.16549295774647887,0.0,0.0,0.0,0.0,0.0,0.0
765,0.0,0.38095238095238104,0.7000000000000001,0.9361702127659575,0.6514084507042253,0.0,0.0,0.0,0.0,0.0,0.0
766,0.0,0.6190476190476192,0.1,0.7446808510638298,0.6091549295774648,1.0,1.0,1.0,1.0,0.0,1.0
767,0.0,0.33333333333333337,0.7000000000000001,0.46808510638297873,0.517605633802817,1.0,0.0,0.0,0.0,0.0,0.0
768,0.0,0.14285714285714288,0.4,0.3829787234042553,0.19014084507042256,1.0,0.0,0.0,0.0,0.0,0.0
769,0.0,0.4761904761904763,0.5,0.5106382978723404,0.48239436619718307,1.0,1.0,1.0,1.0,1.0,1.0
770,0.0,0.4761904761904763,0.5,0.574468085106383,0.7007042253521127,0.0,0.0,0.0,0.0,0.0,0.0
771,0.0,0.14285714285714288,0.30000000000000004,0.46808510638297873,0.2605633802816901,0.0,0.0,0.0,0.0,0.0,0.0
772,0.0,0.523809523809524,0.4,0.5531914893617021,0.5528169014084507,0.0,0.0,0.0,1.0,1.0,1.0
773,0.0,0.14285714285714288,0.30000000000000004,0.3829787234042553,0.11619718309859156,0.0,0.0,0.0,0.0,0.0,0.0
774,0.0,0.8571428571428573,0.30000000000000004,0.6382978723404256,0.665492957746479,1.0,1.0,1.0,1.0,1.0,1.0
775,0.0,0.6666666666666669,0.5,0.6808510638297872,0.7147887323943662,1.0,1.0,1.0,1.0,1.0,1.0
776,0.0,0.523809523809524,1.0,0.4042553191489362,0.676056338028169,1.0,1.0,1.0,1.0,1.0,1.0
777,1.0,0.7619047619047621,0.2,0.4042553191489362,0.7535211267605635,1.0,1.0,1.0,1.0,1.0,1.0
778,0.0,0.4285714285714287,0.2,0.4042553191489362,0.7816901408450705,0.0,0.0,0.0,0.0,0.0,0.0
779,0.0,0.2380952380952381,0.30000000000000004,0.46808510638297873,0.3133802816901408,0.0,0.0,0.0,0.0,0.0,0.0
780,0.0,0.4285714285714287,0.8,0.3404255319148936,0.5985915492957747,0.0,0.0,0.0,1.0,1.0,1.0
781,0.0,0.5714285714285715,0.6000000000000001,0.4042553191489362,0.619718309859155,1.0,1.0,1.0,1.0,1.0,1.0
782,1.0,0.7142857142857144,0.30000000000000004,0.6382978723404256,0.4964788732394367,1.0,1.0,1.0,1.0,1.0,1.0
783,0.0,0.6666666666666669,0.2,0.6808510638297872,0.7992957746478873,0.0,0.0,0.0,0.0,0.0,0.0
784,0.0,0.5714285714285715,0.0,0.23404255319148937,0.34154929577464793,1.0,1.0,1.0,1.0,1.0,1.0
785,0.0,0.523809523809524,0.30000000000000004,0.5319148936170213,0.545774647887324,1.0,0.0,1.0,1.0,1.0,1.0
788,0.0,0.1904761904761905,0.7000000000000001,0.5106382978723404,0.3309859154929578,0.0,0.0,0.0,0.0,0.0,0.0
790,0.0,0.4285714285714287,0.9,0.2978723404255319,0.42957746478873243,1.0,1.0,1.0,1.0,1.0,1.0
791,0.0,0.2380952380952381,0.5,0.3404255319148936,0.3169014084507042,0.0,0.0,0.0,0.0,0.0,0.0
792,0.0,0.2857142857142858,0.2,0.3829787234042553,0.38380281690140844,0.0,0.0,0.0,0.0,0.0,0.0
793,0.0,0.4285714285714287,0.5,0.5319148936170213,0.6901408450704225,0.0,0.0,0.0,0.0,0.0,0.0
794,0.0,0.523809523809524,0.4,0.25531914893617025,0.5492957746478873,0.0,0.0,0.0,1.0,1.0,1.0
795,0.0,0.7619047619047621,0.6000000000000001,0.4893617021276596,0.767605633802817,1.0,1.0,1.0,1.0,1.0,1.0
796,0.0,0.6666666666666669,0.7000000000000001,0.8297872340425532,0.5950704225352113,1.0,1.0,1.0,1.0,1.0,1.0
797,0.0,0.4285714285714287,0.2,0.46808510638297873,0.42957746478873243,0.0,0.0,0.0,0.0,0.0,0.0
798,0.0,0.38095238095238104,0.4,0.6170212765957447,0.44014084507042256,1.0,0.0,1.0,0.0,0.0,0.0
799,0.0,0.33333333333333337,0.4,0.7659574468085106,0.5880281690140845,0.0,0.0,0.0,0.0,0.0,0.0
801,0.0,0.4761904761904763,0.7000000000000001,0.44680851063829785,0.4366197183098592,1.0,1.0,1.0,1.0,1.0,1.0
802,0.0,0.904761904761905,0.7000000000000001,0.425531914893617,0.8028169014084507,1.0,1.0,1.0,1.0,1.0,1.0
803,1.0,0.2857142857142858,0.1,0.3191489361702128,0.4507042253521127,0.0,0.0,0.0,0.0,0.0,0.0
804,0.0,0.904761904761905,0.4,0.8085106382978723,0.8415492957746478,1.0,1.0,1.0,1.0,1.0,1.0
805,0.0,0.1904761904761905,0.2,0.6170212765957447,0.3169014084507042,0.0,0.0,0.0,0.0,0.0,0.0
806,0.0,0.2857142857142858,1.0,0.3617021276595745,0.4330985915492958,1.0,0.0,1.0,1.0,1.0,1.0
807,1.0,0.2857142857142858,0.30000000000000004,0.7872340425531915,0.45774647887323944,0.0,0.0,0.0,0.0,0.0,0.0
808,0.0,0.2857142857142858,0.8,0.3404255319148936,0.30633802816901406,1.0,1.0,1.0,1.0,1.0,1.0
809,1.0,0.6190476190476192,0.1,0.5957446808510638,0.45422535211267606,1.0,1.0,1.0,1.0,1.0,1.0
810,0.0,0.4285714285714287,0.2,0.7446808510638298,0.4190140845070423,1.0,0.0,0.0,0.0,0.0,0.0
811,1.0,0.2857142857142858,0.2,0.4042553191489362,0.42957746478873243,0.0,0.0,0.0,0.0,0.0,0.0
812,1.0,0.047619047619047616,0.2,0.3829787234042553,0.15492957746478875,0.0,0.0,0.0,0.0,0.0,0.0
813,0.0,0.38095238095238104,0.8,0.6808510638297872,0.4753521126760563,0.0,0.0,0.0,1.0,1.0,1.0
814,0.0,1.0,0.4,0.7872340425531915,0.6267605633802817,1.0,1.0,1.0,1.0,1.0,1.0
815,0.0,0.5714285714285715,0.30000000000000004,0.723404255319149,0.2535211267605634,1.0,1.0,1.0,1.0,1.0,1.0
816,1.0,0.2380952380952381,0.4,0.3617021276595745,0.4964788732394367,0.0,0.0,0.0,0.0,0.0,0.0
817,0.0,0.0,0.5,0.23404255319148937,0.1971830985915493,0.0,0.0,0.0,0.0,0.0,0.0
818,1.0,0.4761904761904763,0.5,0.4042553191489362,0.5211267605633803,0.0,0.0,1.0,1.0,1.0,1.0
819,0.0,0.14285714285714288,0.4,0.723404255319149,0.2711267605633803,0.0,0.0,0.0,0.0,0.0,0.0
820,1.0,0.047619047619047616,0.30000000000000004,0.2765957446808511,0.27816901408450706,0.0,0.0,0.0,0.0,0.0,0.0
821,0.0,0.2857142857142858,0.30000000000000004,0.23404255319148937,0.3450704225352113,0.0,0.0,0.0,0.0,0.0,0.0
822,0.0,0.38095238095238104,0.2,1.0,0.5316901408450705,0.0,0.0,0.0,0.0,0.0,0.0
823,1.0,0.33333333333333337,0.0,1.0,0.34154929577464793,0.0,0.0,0.0,0.0,0.0,0.0
824,1.0,0.4761904761904763,0.1,0.3617021276595745,0.4964788732394367,0.0,0.0,0.0,0.0,0.0,0.0
825,1.0,0.4761904761904763,0.2,0.4893617021276596,0.5422535211267605,1.0,0.0,1.0,0.0,0.0,0.0
826,0.0,0.2857142857142858,0.30000000000000004,0.5957446808510638,0.42605633802816906,0.0,0.0,0.0,0.0,0.0,0.0
827,0.0,0.523809523809524,0.30000000000000004,0.7446808510638298,0.591549295774648,1.0,0.0,0.0,0.0,0.0,0.0
828,1.0,0.1904761904761905,0.5,0.2765957446808511,0.4507042253521127,0.0,0.0,0.0,0.0,0.0,0.0
829,0.0,0.4285714285714287,0.30000000000000004,0.8723404255319149,0.517605633802817,0.0,0.0,0.0,0.0,0.0,0.0
830,0.0,0.7142857142857144,0.2,0.8297872340425532,0.6161971830985915,0.0,1.0,1.0,1.0,1.0,1.0
831,0.0,0.33333333333333337,0.9,0.46808510638297873,0.5035211267605635,0.0,0.0,0.0,1.0,0.0,1.0
832,1.0,0.4285714285714287,0.4,0.5531914893617021,0.7992957746478873,0.0,0.0,0.0,0.0,0.0,0.0
833,0.0,0.8095238095238096,0.5,0.7872340425531915,0.8732394366197183,0.0,0.0,1.0,1.0,1.0,1.0
834,0.0,0.2857142857142858,0.6000000000000001,0.4893617021276596,0.3873239436619718,0.0,0.0,0.0,0.0,0.0,0.0
836,1.0,0.1904761904761905,0.2,0.425531914893617,0.3133802816901408,0.0,0.0,0.0,0.0,0.0,0.0
837,1.0,0.5714285714285715,0.1,0.8723404255319149,0.5598591549295775,1.0,1.0,1.0,1.0,1.0,1.0
839,1.0,0.523809523809524,0.30000000000000004,0.6382978723404256,0.6549295774647887,1.0,0.0,0.0,0.0,0.0,0.0
840,1.0,0.4285714285714287,0.2,0.7446808510638298,0.4507042253521127,1.0,0.0,0.0,0.0,1.0,1.0
841,1.0,0.38095238095238104,0.30000000000000004,0.4893617021276596,0.602112676056338,0.0,0.0,0.0,0.0,0.0,0.0
842,0.0,0.2857142857142858,0.7000000000000001,0.4893617021276596,0.41549295774647893,1.0,0.0,0.0,0.0,0.0,0.0
843,1.0,0.6190476190476192,0.2,0.6170212765957447,0.982394366197183,0.0,0.0,0.0,0.0,0.0,0.0
845,0.0,0.8571428571428573,0.30000000000000004,0.6170212765957447,0.6408450704225352,1.0,1.0,1.0,1.0,1.0,1.0
846,1.0,0.5714285714285715,0.30000000000000004,0.851063829787234,0.6267605633802817,1.0,1.0,1.0,1.0,1.0,1.0
847,1.0,0.33333333333333337,0.2,0.3617021276595745,0.6866197183098592,0.0,0.0,0.0,0.0,0.0,0.0
848,1.0,0.5714285714285715,0.0,0.5531914893617021,0.41197183098591555,1.0,1.0,1.0,1.0,1.0,1.0
849,0.0,0.047619047619047616,0.30000000000000004,0.8723404255319149,0.12323943661971831,0.0,0.0,0.0,0.0,0.0,0.0
850,0.0,0.5714285714285715,0.4,0.9361702127659575,0.6091549295774648,0.0,1.0,0.0,1.0,1.0,0.0
851,1.0,0.4285714285714287,0.30000000000000004,0.7446808510638298,0.6126760563380282,1.0,0.0,1.0,0.0,0.0,0.0
852,0.0,0.7142857142857144,0.2,0.8085106382978723,0.7147887323943662,1.0,1.0,1.0,1.0,1.0,1.0
853,0.0,0.2857142857142858,0.4,0.6382978723404256,0.3873239436619718,1.0,0.0,0.0,0.0,0.0,0.0
854,0.0,0.5714285714285715,0.30000000000000004,0.5319148936170213,0.8098591549295775,0.0,1.0,0.0,0.0,0.0,0.0
855,1.0,1.0,0.30000000000000004,0.3617021276595745,0.778169014084507,1.0,1.0,1.0,1.0,1.0,1.0
856,0.0,0.5714285714285715,0.1,0.5531914893617021,0.4929577464788733,1.0,1.0,1.0,1.0,1.0,1.0
857,1.0,0.2857142857142858,0.30000000000000004,0.3191489361702128,0.3450704225352113,0.0,0.0,0.0,0.0,0.0,0.0
858,1.0,0.5714285714285715,0.4,0.6595744680851063,0.5880281690140845,1.0,1.0,1.0,1.0,1.0,1.0
859,0.0,0.6666666666666669,0.6000000000000001,0.3404255319148936,0.5492957746478873,1.0,1.0,1.0,1.0,1.0,1.0
860,1.0,0.2857142857142858,0.5,0.3191489361702128,0.42957746478873243,0.0,0.0,0.0,0.0,0.0,0.0
862,0.0,0.904761904761905,0.5,0.5957446808510638,0.6690140845070423,1.0,1.0,1.0,1.0,1.0,1.0
863,1.0,0.09523809523809526,0.2,0.5531914893617021,0.03873239436619719,1.0,1.0,1.0,0.0,1.0,1.0
865,0.0,0.5714285714285715,0.30000000000000004,0.6170212765957447,0.39436619718309857,1.0,1.0,1.0,1.0,1.0,1.0
866,1.0,0.2380952380952381,0.6000000000000001,0.4042553191489362,0.4366197183098592,0.0,0.0,0.0,0.0,0.0,0.0
868,1.0,0.7142857142857144,0.4,0.3829787234042553,0.3908450704225352,1.0,1.0,1.0,1.0,1.0,1.0
869,0.0,0.2380952380952381,0.6000000000000001,0.5957446808510638,0.32746478873239443,1.0,0.0,0.0,0.0,0.0,0.0
870,1.0,0.33333333333333337,0.2,0.3617021276595745,0.4788732394366197,0.0,0.0,0.0,0.0,0.0,0.0
871,1.0,0.4285714285714287,0.5,0.3404255319148936,0.3485915492957747,1.0,1.0,1.0,1.0,1.0,1.0
872,0.0,0.33333333333333337,0.2,0.7659574468085106,0.32394366197183094,0.0,0.0,0.0,0.0,0.0,0.0
873,0.0,0.2857142857142858,0.7000000000000001,0.5531914893617021,0.3133802816901408,1.0,1.0,1.0,1.0,1.0,1.0
874,1.0,0.4285714285714287,0.30000000000000004,0.5319148936170213,0.5211267605633803,1.0,0.0,1.0,0.0,0.0,0.0
875,1.0,0.2857142857142858,0.2,0.6808510638297872,0.3732394366197183,0.0,0.0,0.0,0.0,0.0,0.0
878,1.0,0.523809523809524,0.1,0.8936170212765957,0.8732394366197183,0.0,0.0,0.0,0.0,0.0,0.0
880,1.0,0.09523809523809526,0.5,0.10638297872340426,0.13732394366197181,0.0,0.0,0.0,0.0,0.0,0.0
881,1.0,0.523809523809524,0.5,0.4042553191489362,0.47183098591549294,1.0,1.0,1.0,1.0,1.0,1.0
882,0.0,0.2380952380952381,0.7000000000000001,0.4042553191489362,0.32042253521126757,0.0,0.0,0.0,0.0,0.0,0.0
883,1.0,0.2857142857142858,0.5,0.5106382978723404,0.2711267605633803,0.0,0.0,0.0,1.0,1.0,1.0
884,1.0,0.2857142857142858,0.1,0.425531914893617,0.3309859154929578,0.0,0.0,0.0,0.0,0.0,0.0
885,0.0,0.2857142857142858,0.7000000000000001,0.3617021276595745,0.4190140845070423,0.0,0.0,0.0,0.0,0.0,0.0
886,1.0,0.4285714285714287,0.1,0.5106382978723404,0.5985915492957747,0.0,0.0,0.0,0.0,0.0,0.0
887,1.0,0.8095238095238096,0.2,0.4893617021276596,0.9190140845070423,1.0,0.0,1.0,1.0,1.0,1.0
888,0.0,0.1904761904761905,0.6000000000000001,0.46808510638297873,0.30633802816901406,0.0,0.0,0.0,0.0,0.0,0.0
889,0.0,0.1904761904761905,0.30000000000000004,0.2765957446808511,0.3309859154929578,0.0,0.0,0.0,0.0,0.0,0.0
890,1.0,0.523809523809524,0.4,0.4042553191489362,0.5704225352112675,1.0,0.0,1.0,1.0,1.0,1.0
891,1.0,0.4761904761904763,0.30000000000000004,0.8936170212765957,0.3591549295774648,1.0,1.0,1.0,1.0,1.0,1.0
892,0.0,0.523809523809524,0.30000000000000004,0.46808510638297873,0.5352112676056338,1.0,0.0,1.0,1.0,1.0,1.0
893,0.0,0.047619047619047616,0.0,0.46808510638297873,0.03521126760563381,1.0,1.0,1.0,0.0,0.0,0.0
894,1.0,0.1904761904761905,0.6000000000000001,0.44680851063829785,0.3450704225352113,0.0,0.0,0.0,0.0,0.0,0.0
896,0.0,0.4761904761904763,0.8,0.4893617021276596,0.619718309859155,1.0,1.0,1.0,1.0,1.0,1.0
897,0.0,0.4285714285714287,0.2,0.6595744680851063,0.48239436619718307,0.0,0.0,0.0,0.0,0.0,0.0
898,1.0,0.6190476190476192,0.2,0.5106382978723404,0.48239436619718307,1.0,1.0,1.0,1.0,1.0,1.0
899,1.0,0.4285714285714287,0.1,0.46808510638297873,0.42957746478873243,1.0,0.0,0.0,0.0,0.0,1.0
900,1.0,0.1904761904761905,0.6000000000000001,0.25531914893617025,0.30985915492957744,1.0,0.0,0.0,0.0,0.0,0.0
901,1.0,0.4285714285714287,0.0,0.574468085106383,0.6091549295774648,0.0,0.0,0.0,0.0,0.0,0.0
902,0.0,0.904761904761905,0.5,0.5531914893617021,0.6267605633802817,1.0,1.0,1.0,1.0,1.0,1.0
903,1.0,0.4285714285714287,0.4,0.44680851063829785,0.5387323943661972,0.0,0.0,0.0,0.0,0.0,0.0
904,0.0,0.7142857142857144,0.5,0.21276595744680854,0.5316901408450705,1.0,1.0,1.0,1.0,1.0,1.0
905,1.0,0.4285714285714287,0.6000000000000001,0.4893617021276596,0.6619718309859155,0.0,0.0,0.0,0.0,0.0,0.0
906,0.0,0.33333333333333337,0.8,0.2765957446808511,0.3873239436619718,1.0,1.0,1.0,1.0,1.0,1.0
907,1.0,0.1904761904761905,0.30000000000000004,0.25531914893617025,0.38028169014084506,0.0,0.0,0.0,0.0,0.0,0.0
909,1.0,0.6190476190476192,0.4,0.3829787234042553,0.5669014084507042,1.0,1.0,1.0,1.0,1.0,1.0
910,1.0,0.2380952380952381,0.30000000000000004,0.25531914893617025,0.30985915492957744,0.0,0.0,0.0,0.0,0.0,0.0
911,1.0,0.4761904761904763,0.4,0.5531914893617021,0.4753521126760563,1.0,1.0,1.0,1.0,1.0,1.0
912,1.0,0.4285714285714287,0.5,0.425531914893617,0.4330985915492958,0.0,0.0,1.0,1.0,1.0,1.0
913,0.0,0.4285714285714287,0.7000000000000001,0.44680851063829785,0.3450704225352113,1.0,1.0,1.0,1.0,1.0,1.0
914,0.0,0.7142857142857144,0.30000000000000004,0.6595744680851063,0.5774647887323945,1.0,1.0,1.0,1.0,1.0,1.0
915,0.0,0.2380952380952381,0.6000000000000001,0.3829787234042553,0.14084507042253525,1.0,0.0,1.0,1.0,1.0,1.0
916,0.0,0.2857142857142858,0.7000000000000001,0.5319148936170213,0.3345070422535212,0.0,0.0,0.0,1.0,0.0,1.0
917,1.0,0.523809523809524,0.2,0.3829787234042553,0.6725352112676057,0.0,0.0,0.0,0.0,0.0,0.0
918,1.0,0.1904761904761905,0.1,0.5531914893617021,0.4190140845070423,0.0,0.0,0.0,0.0,0.0,0.0
919,1.0,0.523809523809524,0.4,0.5531914893617021,0.45774647887323944,1.0,1.0,1.0,1.0,1.0,1.0
920,1.0,0.14285714285714288,0.2,0.06382978723404255,0.14084507042253525,0.0,0.0,0.0,0.0,0.0,0.0
921,1.0,0.33333333333333337,0.2,0.44680851063829785,0.5352112676056338,0.0,0.0,0.0,0.0,0.0,0.0
922,0.0,0.4761904761904763,0.30000000000000004,0.5106382978723404,0.44014084507042256,0.0,1.0,1.0,1.0,1.0,1.0
923,0.0,0.1904761904761905,0.2,0.19148936170212766,0.059859154929577496,1.0,1.0,1.0,1.0,0.0,1.0
924,0.0,0.8571428571428573,0.4,0.723404255319149,0.721830985915493,1.0,1.0,1.0,1.0,1.0,1.0
925,1.0,0.33333333333333337,0.30000000000000004,0.5531914893617021,0.41549295774647893,0.0,0.0,0.0,0.0,0.0,0.0
926,1.0,0.2857142857142858,0.30000000000000004,0.6382978723404256,0.41549295774647893,0.0,0.0,0.0,0.0,0.0,0.0
927,1.0,0.1904761904761905,0.2,0.3617021276595745,0.3028169014084507,0.0,0.0,0.0,0.0,0.0,0.0
928,0.0,0.2380952380952381,0.1,0.6382978723404256,0.3345070422535212,0.0,0.0,0.0,0.0,0.0,0.0
929,1.0,0.5714285714285715,0.0,0.6170212765957447,0.3767605633802817,1.0,1.0,1.0,1.0,1.0,1.0
930,1.0,0.33333333333333337,0.4,0.5106382978723404,0.4190140845070423,1.0,1.0,1.0,0.0,0.0,0.0
931,0.0,0.6666666666666669,0.7000000000000001,0.4042553191489362,0.7852112676056338,1.0,1.0,1.0,1.0,1.0,1.0
932,0.0,0.8095238095238096,0.7000000000000001,0.5957446808510638,0.693661971830986,1.0,1.0,1.0,1.0,1.0,1.0
933,1.0,0.33333333333333337,0.4,0.5531914893617021,0.4225352112676057,1.0,1.0,1.0,0.0,0.0,0.0
934,0.0,0.4761904761904763,0.4,0.8085106382978723,0.6091549295774648,0.0,0.0,0.0,0.0,0.0,0.0
935,1.0,0.4285714285714287,0.2,0.5106382978723404,0.6373239436619718,0.0,0.0,0.0,0.0,0.0,0.0
936,1.0,0.4285714285714287,0.8,0.46808510638297873,0.7253521126760563,0.0,0.0,0.0,0.0,0.0,0.0
937,0.0,0.2857142857142858,0.5,0.425531914893617,0.41197183098591555,0.0,0.0,0.0,0.0,0.0,0.0
938,1.0,0.38095238095238104,0.30000000000000004,0.3829787234042553,0.4612676056338028,0.0,0.0,0.0,0.0,0.0,0.0
939,1.0,0.6666666666666669,0.2,0.46808510638297873,0.9330985915492958,0.0,0.0,0.0,0.0,0.0,0.0
940,0.0,0.7142857142857144,0.1,0.5319148936170213,0.35211267605633806,1.0,1.0,1.0,1.0,1.0,1.0
941,1.0,0.4761904761904763,0.7000000000000001,0.21276595744680854,0.6830985915492958,1.0,1.0,1.0,1.0,0.0,0.0
942,0.0,0.6666666666666669,0.6000000000000001,0.4042553191489362,0.75,1.0,1.0,1.0,1.0,1.0,1.0
943,0.0,0.2857142857142858,0.30000000000000004,0.7446808510638298,0.42605633802816906,0.0,0.0,0.0,0.0,0.0,0.0
945,0.0,0.6666666666666669,0.5,1.0,0.545774647887324,1.0,1.0,1.0,1.0,1.0,1.0
946,0.0,0.5714285714285715,0.5,0.46808510638297873,0.6373239436619718,1.0,1.0,1.0,1.0,1.0,1.0
947,1.0,0.6190476190476192,0.6000000000000001,0.3404255319148936,0.7183098591549295,1.0,1.0,1.0,1.0,1.0,1.0
948,1.0,0.38095238095238104,0.0,0.5531914893617021,0.4366197183098592,0.0,0.0,0.0,0.0,0.0,0.0
949,1.0,0.523809523809524,0.8,0.4042553191489362,0.4788732394366197,1.0,1.0,1.0,1.0,1.0,1.0
950,1.0,0.33333333333333337,0.1,0.3617021276595745,0.45774647887323944,0.0,0.0,0.0,0.0,0.0,0.0
951,0.0,0.1904761904761905,0.2,0.8297872340425532,0.3626760563380282,0.0,0.0,0.0,0.0,0.0,0.0
953,1.0,0.4761904761904763,0.1,0.574468085106383,0.5774647887323945,1.0,0.0,1.0,0.0,0.0,0.0
954,0.0,0.2857142857142858,0.30000000000000004,0.7446808510638298,0.4330985915492958,0.0,0.0,0.0,0.0,0.0,0.0
955,0.0,0.4285714285714287,0.30000000000000004,0.2978723404255319,0.5492957746478873,0.0,0.0,0.0,0.0,0.0,0.0
956,0.0,0.4285714285714287,0.9,0.5106382978723404,0.5845070422535212,0.0,0.0,0.0,1.0,1.0,1.0
957,1.0,0.09523809523809526,0.30000000000000004,0.2765957446808511,0.2112676056338028,0.0,0.0,0.0,0.0,0.0,0.0
958,1.0,0.2380952380952381,0.5,0.5531914893617021,0.3169014084507042,1.0,0.0,0.0,0.0,0.0,0.0
960,0.0,0.38095238095238104,0.1,0.6808510638297872,0.41549295774647893,0.0,0.0,0.0,0.0,0.0,0.0
961,0.0,0.4285714285714287,0.6000000000000001,0.7872340425531915,0.4084507042253522,1.0,1.0,1.0,1.0,1.0,1.0
962,1.0,0.523809523809524,0.6000000000000001,0.46808510638297873,0.7746478873239437,0.0,1.0,0.0,0.0,0.0,0.0
964,0.0,0.4761904761904763,0.5,0.6808510638297872,0.6161971830985915,1.0,0.0,1.0,0.0,0.0,0.0
965,0.0,0.33333333333333337,0.2,0.723404255319149,0.4366197183098592,0.0,0.0,0.0,0.0,0.0,0.0
966,0.0,0.38095238095238104,0.6000000000000001,0.6595744680851063,0.5669014084507042,0.0,0.0,0.0,0.0,0.0,0.0
967,0.0,0.4285714285714287,0.1,0.3829787234042553,0.42605633802816906,0.0,0.0,0.0,0.0,0.0,0.0
968,0.0,0.33333333333333337,0.5,0.5531914893617021,0.39436619718309857,0.0,1.0,0.0,0.0,0.0,0.0
969,1.0,0.2380952380952381,0.30000000000000004,0.3191489361702128,0.4647887323943662,1.0,0.0,0.0,0.0,0.0,0.0
970,0.0,0.33333333333333337,0.5,0.9574468085106382,0.4330985915492958,0.0,0.0,0.0,0.0,0.0,0.0
971,1.0,0.7619047619047621,0.4,0.23404255319148937,0.517605633802817,1.0,1.0,1.0,1.0,1.0,1.0
972,0.0,0.8571428571428573,0.30000000000000004,0.4042553191489362,0.591549295774648,1.0,1.0,1.0,1.0,1.0,1.0
973,0.0,0.1904761904761905,0.5,0.7446808510638298,0.23239436619718312,0.0,0.0,0.0,0.0,0.0,0.0
974,0.0,0.14285714285714288,0.5,0.6170212765957447,0.26408450704225356,0.0,0.0,0.0,0.0,0.0,0.0
975,0.0,0.33333333333333337,0.4,0.2978723404255319,0.6373239436619718,0.0,0.0,0.0,0.0,0.0,0.0
976,0.0,0.2857142857142858,0.6000000000000001,0.5319148936170213,0.3028169014084507,0.0,0.0,0.0,1.0,0.0,1.0
977,0.0,0.2380952380952381,0.6000000000000001,0.5531914893617021,0.3767605633802817,0.0,0.0,0.0,0.0,0.0,0.0
978,1.0,0.1904761904761905,0.4,0.4893617021276596,0.2852112676056338,1.0,0.0,0.0,0.0,0.0,0.0
979,0.0,0.5714285714285715,0.5,0.5531914893617021,0.4788732394366197,1.0,1.0,1.0,1.0,1.0,1.0
980,0.0,0.14285714285714288,0.4,0.4893617021276596,0.2887323943661972,0.0,0.0,0.0,0.0,0.0,0.0
981,0.0,0.33333333333333337,0.4,0.46808510638297873,0.4225352112676057,1.0,1.0,1.0,0.0,0.0,0.0
982,0.0,0.4285714285714287,0.6000000000000001,0.5531914893617021,0.5211267605633803,0.0,0.0,1.0,1.0,1.0,1.0
983,0.0,0.38095238095238104,0.5,0.7021276595744681,0.4929577464788733,1.0,0.0,1.0,0.0,0.0,0.0
984,0.0,0.4285714285714287,0.7000000000000001,0.851063829787234,0.6619718309859155,0.0,0.0,0.0,0.0,0.0,0.0
985,0.0,0.047619047619047616,0.1,0.3191489361702128,0.10563380281690143,0.0,0.0,0.0,0.0,0.0,0.0
986,1.0,0.38095238095238104,0.1,0.3191489361702128,0.44366197183098594,0.0,0.0,0.0,0.0,0.0,0.0
987,0.0,0.33333333333333337,0.30000000000000004,0.6170212765957447,0.5316901408450705,0.0,0.0,0.0,0.0,0.0,0.0
991,0.0,0.5714285714285715,0.2,0.6382978723404256,0.7746478873239437,0.0,0.0,0.0,0.0,0.0,0.0
993,0.0,0.14285714285714288,0.0,0.5531914893617021,0.176056338028169,0.0,0.0,0.0,0.0,0.0,0.0
